rcid,country_code,disaster_before_vote,number_disasters,total_affected
1268,US,0,0,0
1268,CA,0,0,0
1268,CU,0,0,0
1268,HT,0,0,0
1268,DO,0,0,0
1268,JM,0,0,0
1268,TT,0,0,0
1268,MX,0,0,0
1268,GT,0,0,0
1268,HN,0,0,0
1268,SV,0,0,0
1268,NI,0,0,0
1268,CR,0,0,0
1268,PA,0,0,0
1268,CO,1,3,151
1268,VE,0,0,0
1268,GY,1,1,21000
1268,EC,1,1,2400
1268,PE,1,1,330250
1268,BR,1,2,13239
1268,BO,0,0,0
1268,PY,1,1,27000
1268,CL,0,0,0
1268,AR,0,0,0
1268,UY,0,0,0
1268,GB,0,0,0
1268,IE,0,0,0
1268,NL,0,0,0
1268,BE,1,1,600
1268,LU,0,0,0
1268,FR,0,0,0
1268,ES,0,0,0
1268,PT,0,0,0
1268,PL,0,0,0
1268,AT,0,0,0
1268,HU,0,0,0
1268,CS,0,0,0
1268,IT,0,0,0
1268,MT,0,0,0
1268,YU,0,0,0
1268,GR,0,0,0
1268,CY,0,0,0
1268,BG,0,0,0
1268,RO,0,0,0
1268,RU,0,0,0
1268,UA,0,0,0
1268,BY,0,0,0
1268,FI,0,0,0
1268,SE,0,0,0
1268,NO,0,0,0
1268,DK,0,0,0
1268,IS,0,0,0
1268,GQ,0,0,0
1268,ML,0,0,0
1268,SN,0,0,0
1268,BJ,0,0,0
1268,MR,0,0,0
1268,NE,0,0,0
1268,CI,0,0,0
1268,GN,0,0,0
1268,BF,0,0,0
1268,LR,0,0,0
1268,GH,1,1,12000
1268,TG,1,1,150000
1268,CM,1,1,400000
1268,NG,0,0,0
1268,GA,0,0,0
1268,CF,0,0,0
1268,TD,0,0,0
1268,CG,0,0,0
1268,CD,0,0,0
1268,UG,0,0,0
1268,KE,1,1,150000
1268,TZ,0,0,0
1268,BI,0,0,0
1268,RW,0,0,0
1268,SO,0,0,0
1268,ET,0,0,0
1268,ZM,0,0,0
1268,MW,0,0,0
1268,ZA,0,0,0
1268,LS,0,0,0
1268,BW,0,0,0
1268,SZ,0,0,0
1268,MG,0,0,0
1268,MA,1,1,137000
1268,DZ,0,0,0
1268,TN,0,0,0
1268,LY,0,0,0
1268,SD,0,0,0
1268,IR,0,0,0
1268,TR,0,0,0
1268,IQ,0,0,0
1268,EG,0,0,0
1268,SY,0,0,0
1268,LB,0,0,0
1268,JO,0,0,0
1268,IL,0,0,0
1268,SA,0,0,0
1268,0,0,0,0
1268,YD,0,0,0
1268,KW,0,0,0
1268,BH,0,0,0
1268,AE,0,0,0
1268,OM,0,0,0
1268,MN,0,0,0
1268,JP,0,0,0
1268,IN,1,3,166323
1268,PK,0,0,0
1268,MM,0,0,0
1268,LK,0,0,0
1268,NP,0,0,0
1268,TH,0,0,0
1268,LA,1,1,115014
1268,MY,1,1,243061
1268,SG,0,0,0
1268,PH,0,0,0
1268,ID,1,1,82
1268,AU,1,1,27
1268,NZ,0,0,0
2095,US,1,2,116036
2095,CA,1,1,5000
2095,CU,0,0,0
2095,DO,0,0,0
2095,JM,0,0,0
2095,TT,0,0,0
2095,MX,1,1,100
2095,HN,1,1,40001
2095,NI,1,1,30000
2095,CR,0,0,0
2095,PA,0,0,0
2095,CO,1,1,102062
2095,VE,0,0,0
2095,GY,0,0,0
2095,EC,0,0,0
2095,PE,1,1,36070
2095,BR,1,2,271067
2095,BO,0,0,0
2095,CL,0,0,0
2095,AR,1,2,40041
2095,GB,0,0,0
2095,IE,0,0,0
2095,NL,0,0,0
2095,BE,0,0,0
2095,LU,0,0,0
2095,FR,1,1,319
2095,ES,0,0,0
2095,PT,0,0,0
2095,0,0,0,0
2095,DD,0,0,0
2095,PL,1,1,4500
2095,AT,0,0,0
2095,HU,0,0,0
2095,CS,0,0,0
2095,IT,0,0,0
2095,YU,0,0,0
2095,GR,1,1,15
2095,CY,0,0,0
2095,BG,0,0,0
2095,RO,0,0,0
2095,RU,0,0,0
2095,UA,0,0,0
2095,BY,0,0,0
2095,FI,0,0,0
2095,SE,0,0,0
2095,NO,0,0,0
2095,DK,0,0,0
2095,IS,0,0,0
2095,CV,0,0,0
2095,ST,0,0,0
2095,GW,0,0,0
2095,GM,1,1,500000
2095,ML,1,1,1500000
2095,NE,1,1,3500000
2095,CI,0,0,0
2095,GN,0,0,0
2095,BF,0,0,0
2095,LR,0,0,0
2095,GH,0,0,0
2095,TG,0,0,0
2095,CM,0,0,0
2095,NG,0,0,0
2095,GA,0,0,0
2095,CF,0,0,0
2095,TD,0,0,0
2095,CG,0,0,0
2095,CD,0,0,0
2095,KE,0,0,0
2095,TZ,0,0,0
2095,BI,0,0,0
2095,RW,0,0,0
2095,ET,0,0,0
2095,MZ,0,0,0
2095,ZM,0,0,0
2095,ZW,0,0,0
2095,MW,0,0,0
2095,MG,0,0,0
2095,MU,0,0,0
2095,DZ,1,1,30000
2095,TN,0,0,0
2095,LY,0,0,0
2095,IR,1,2,950356
2095,TR,1,1,60075
2095,IQ,0,0,0
2095,EG,1,1,66050
2095,SY,0,0,0
2095,LB,0,0,0
2095,IL,0,0,0
2095,SA,0,0,0
2095,0,0,0,0
2095,YD,0,0,0
2095,KW,0,0,0
2095,BH,0,0,0
2095,QA,0,0,0
2095,AE,0,0,0
2095,OM,0,0,0
2095,AF,1,1,30000
2095,MN,0,0,0
2095,JP,1,1,20
2095,IN,1,7,33053587
2095,BT,0,0,0
2095,PK,0,0,0
2095,BD,1,1,10000655
2095,MM,1,1,10000
2095,NP,0,0,0
2095,TH,0,0,0
2095,LA,0,0,0
2095,VN,0,0,0
2095,MY,0,0,0
2095,SG,0,0,0
2095,PH,1,2,1028082
2095,ID,0,0,0
2095,AU,1,1,40
2095,PG,0,0,0
2095,NZ,1,2,2900
2095,FJ,0,0,0
2095,WS,0,0,0
2335,CA,0,0,0
2335,CU,0,0,0
2335,DO,0,0,0
2335,JM,0,0,0
2335,TT,0,0,0
2335,BB,0,0,0
2335,MX,1,1,204
2335,SV,1,2,68500
2335,NI,0,0,0
2335,CR,0,0,0
2335,CO,1,1,90
2335,VE,0,0,0
2335,GY,0,0,0
2335,SR,0,0,0
2335,EC,0,0,0
2335,PE,1,2,55332
2335,BR,1,1,2367
2335,BO,1,1,30000
2335,PY,1,1,85000
2335,CL,1,1,8000
2335,AR,0,0,0
2335,UY,0,0,0
2335,GB,0,0,0
2335,IE,0,0,0
2335,NL,0,0,0
2335,BE,0,0,0
2335,LU,0,0,0
2335,FR,1,3,20
2335,ES,0,0,0
2335,PT,1,1,930
2335,0,0,0,0
2335,DD,0,0,0
2335,PL,1,1,16824
2335,HU,0,0,0
2335,CS,0,0,0
2335,IT,0,0,0
2335,MT,0,0,0
2335,YU,0,0,0
2335,GR,0,0,0
2335,CY,0,0,0
2335,BG,0,0,0
2335,RO,0,0,0
2335,RU,0,0,0
2335,UA,0,0,0
2335,BY,0,0,0
2335,FI,0,0,0
2335,SE,0,0,0
2335,NO,0,0,0
2335,DK,0,0,0
2335,IS,0,0,0
2335,CV,0,0,0
2335,ST,0,0,0
2335,GW,0,0,0
2335,GQ,0,0,0
2335,GM,0,0,0
2335,ML,0,0,0
2335,SN,0,0,0
2335,BJ,1,1,580000
2335,MR,0,0,0
2335,NE,0,0,0
2335,CI,0,0,0
2335,GN,0,0,0
2335,BF,0,0,0
2335,LR,0,0,0
2335,GH,0,0,0
2335,TG,0,0,0
2335,CM,0,0,0
2335,NG,0,0,0
2335,GA,0,0,0
2335,CF,0,0,0
2335,TD,1,1,1503000
2335,CG,0,0,0
2335,CD,0,0,0
2335,UG,0,0,0
2335,KE,0,0,0
2335,TZ,1,1,40000
2335,BI,0,0,0
2335,RW,0,0,0
2335,SO,0,0,0
2335,DJ,0,0,0
2335,ET,0,0,0
2335,AO,0,0,0
2335,MZ,0,0,0
2335,MW,0,0,0
2335,SZ,0,0,0
2335,MG,0,0,0
2335,KM,0,0,0
2335,SC,0,0,0
2335,MA,0,0,0
2335,DZ,0,0,0
2335,TN,0,0,0
2335,LY,0,0,0
2335,SD,0,0,0
2335,IR,0,0,0
2335,TR,1,1,10
2335,IQ,0,0,0
2335,EG,0,0,0
2335,LB,0,0,0
2335,SA,0,0,0
2335,0,0,0,0
2335,KW,0,0,0
2335,BH,0,0,0
2335,QA,0,0,0
2335,AE,0,0,0
2335,OM,0,0,0
2335,AF,0,0,0
2335,CN,1,4,966590
2335,MN,0,0,0
2335,JP,1,1,27692
2335,IN,1,3,133500932
2335,PK,1,1,10068
2335,BD,1,1,308000
2335,LK,1,3,2120027
2335,MV,0,0,0
2335,NP,1,1,92
2335,TH,0,0,0
2335,KH,0,0,0
2335,LA,0,0,0
2335,VN,0,0,0
2335,MY,0,0,0
2335,SG,0,0,0
2335,PH,1,6,208865
2335,ID,1,4,249789
2335,AU,0,0,0
2335,PG,0,0,0
2335,NZ,0,0,0
2335,SB,0,0,0
2335,WS,0,0,0
2433,CA,0,0,0
2433,BS,0,0,0
2433,CU,0,0,0
2433,DO,0,0,0
2433,JM,0,0,0
2433,TT,0,0,0
2433,BB,0,0,0
2433,DM,0,0,0
2433,GD,0,0,0
2433,MX,1,2,5225
2433,GT,1,1,20876
2433,HN,0,0,0
2433,SV,1,2,68500
2433,NI,0,0,0
2433,CR,0,0,0
2433,PA,0,0,0
2433,CO,1,1,90
2433,VE,0,0,0
2433,GY,0,0,0
2433,SR,0,0,0
2433,EC,1,1,700307
2433,PE,1,2,55332
2433,BR,0,0,0
2433,BO,1,1,30000
2433,PY,1,1,85000
2433,CL,1,1,8000
2433,AR,0,0,0
2433,UY,0,0,0
2433,GB,0,0,0
2433,IE,0,0,0
2433,NL,0,0,0
2433,BE,0,0,0
2433,LU,0,0,0
2433,FR,1,3,20
2433,ES,1,2,226677
2433,PT,1,1,930
2433,0,0,0,0
2433,DD,0,0,0
2433,PL,1,1,16824
2433,HU,0,0,0
2433,CS,0,0,0
2433,IT,0,0,0
2433,MT,0,0,0
2433,AL,0,0,0
2433,YU,0,0,0
2433,GR,0,0,0
2433,CY,0,0,0
2433,BG,0,0,0
2433,RO,0,0,0
2433,RU,0,0,0
2433,UA,0,0,0
2433,BY,0,0,0
2433,FI,0,0,0
2433,SE,0,0,0
2433,NO,0,0,0
2433,DK,0,0,0
2433,IS,0,0,0
2433,CV,0,0,0
2433,ST,0,0,0
2433,GW,0,0,0
2433,GM,0,0,0
2433,ML,0,0,0
2433,SN,0,0,0
2433,BJ,1,1,580000
2433,MR,0,0,0
2433,NE,0,0,0
2433,CI,0,0,0
2433,GN,0,0,0
2433,BF,0,0,0
2433,LR,0,0,0
2433,SL,0,0,0
2433,GH,0,0,0
2433,TG,0,0,0
2433,CM,0,0,0
2433,NG,0,0,0
2433,GA,0,0,0
2433,CF,0,0,0
2433,TD,0,0,0
2433,CG,0,0,0
2433,CD,0,0,0
2433,UG,0,0,0
2433,KE,1,1,3075
2433,TZ,1,1,40000
2433,BI,0,0,0
2433,RW,0,0,0
2433,SO,0,0,0
2433,DJ,0,0,0
2433,ET,0,0,0
2433,AO,0,0,0
2433,MZ,0,0,0
2433,MW,0,0,0
2433,LS,0,0,0
2433,BW,1,1,1037300
2433,SZ,0,0,0
2433,MG,0,0,0
2433,KM,0,0,0
2433,MU,0,0,0
2433,MA,0,0,0
2433,DZ,1,1,8551
2433,TN,1,1,30117
2433,LY,0,0,0
2433,SD,0,0,0
2433,IR,0,0,0
2433,TR,1,1,10
2433,IQ,0,0,0
2433,EG,0,0,0
2433,SY,0,0,0
2433,LB,0,0,0
2433,JO,0,0,0
2433,IL,0,0,0
2433,SA,0,0,0
2433,0,0,0,0
2433,YD,0,0,0
2433,KW,0,0,0
2433,BH,0,0,0
2433,QA,0,0,0
2433,AE,0,0,0
2433,OM,0,0,0
2433,AF,0,0,0
2433,CN,1,3,816590
2433,MN,0,0,0
2433,JP,1,1,27692
2433,IN,1,3,133500932
2433,BT,0,0,0
2433,PK,1,1,10068
2433,BD,1,1,308000
2433,MM,0,0,0
2433,LK,1,3,2120027
2433,MV,0,0,0
2433,NP,1,1,92
2433,TH,0,0,0
2433,KH,0,0,0
2433,LA,0,0,0
2433,VN,0,0,0
2433,MY,0,0,0
2433,SG,0,0,0
2433,PH,1,4,201118
2433,ID,1,4,249789
2433,AU,0,0,0
2433,PG,0,0,0
2433,NZ,0,0,0
2433,VU,0,0,0
2433,SB,0,0,0
2433,FJ,0,0,0
2433,WS,0,0,0
2624,US,1,2,10
2624,BS,0,0,0
2624,CU,1,1,164590
2624,HT,0,0,0
2624,JM,0,0,0
2624,TT,0,0,0
2624,BB,0,0,0
2624,LC,0,0,0
2624,VC,0,0,0
2624,MX,0,0,0
2624,BZ,0,0,0
2624,GT,0,0,0
2624,HN,0,0,0
2624,SV,0,0,0
2624,NI,0,0,0
2624,CR,0,0,0
2624,PA,1,1,81000
2624,VE,0,0,0
2624,GY,0,0,0
2624,SR,0,0,0
2624,EC,1,1,200000
2624,BR,1,3,23338463
2624,BO,1,2,1633299
2624,PY,1,2,100076
2624,CL,0,0,0
2624,AR,1,3,6130000
2624,UY,0,0,0
2624,GB,0,0,0
2624,IE,0,0,0
2624,NL,0,0,0
2624,BE,0,0,0
2624,FR,1,4,3742
2624,ES,1,2,507645
2624,PT,1,3,2019
2624,0,0,0,0
2624,DD,0,0,0
2624,HU,0,0,0
2624,CS,0,0,0
2624,IT,1,1,27
2624,MT,0,0,0
2624,YU,0,0,0
2624,GR,1,1,12
2624,CY,0,0,0
2624,RU,0,0,0
2624,UA,0,0,0
2624,BY,0,0,0
2624,FI,0,0,0
2624,SE,0,0,0
2624,NO,0,0,0
2624,DK,0,0,0
2624,IS,0,0,0
2624,ST,0,0,0
2624,GW,0,0,0
2624,GM,0,0,0
2624,ML,0,0,0
2624,SN,1,1,5000
2624,BJ,1,1,2100000
2624,MR,0,0,0
2624,NE,0,0,0
2624,CI,0,0,0
2624,GN,0,0,0
2624,BF,0,0,0
2624,SL,0,0,0
2624,GH,1,1,12500000
2624,CM,0,0,0
2624,NG,1,1,3000000
2624,GA,0,0,0
2624,TD,0,0,0
2624,UG,0,0,0
2624,KE,0,0,0
2624,TZ,0,0,0
2624,BI,0,0,0
2624,RW,0,0,0
2624,DJ,0,0,0
2624,ET,1,1,8050000
2624,MZ,0,0,0
2624,MW,0,0,0
2624,LS,1,1,500000
2624,BW,0,0,0
2624,SZ,0,0,0
2624,MG,0,0,0
2624,MU,0,0,0
2624,DZ,0,0,0
2624,TN,0,0,0
2624,LY,0,0,0
2624,SD,1,3,8682000
2624,IR,0,0,0
2624,TR,0,0,0
2624,EG,0,0,0
2624,SY,0,0,0
2624,LB,0,0,0
2624,JO,0,0,0
2624,SA,0,0,0
2624,0,0,0,0
2624,YD,0,0,0
2624,KW,0,0,0
2624,BH,0,0,0
2624,QA,0,0,0
2624,AE,0,0,0
2624,OM,0,0,0
2624,AF,0,0,0
2624,CN,1,2,100
2624,MN,0,0,0
2624,JP,0,0,0
2624,IN,1,3,250727
2624,BT,0,0,0
2624,PK,1,1,64339
2624,BD,1,5,27160245
2624,MM,0,0,0
2624,LK,1,1,30034
2624,MV,0,0,0
2624,NP,1,1,200236
2624,TH,1,1,1000050
2624,KH,0,0,0
2624,VN,0,0,0
2624,MY,0,0,0
2624,SG,0,0,0
2624,PH,1,1,1846
2624,ID,1,3,8516
2624,AU,1,1,11075
2624,PG,1,2,13056
2624,NZ,1,1,140
2624,VU,0,0,0
2624,FJ,0,0,0
2624,WS,1,1,1000
3661,CA,0,0,0
3661,BS,0,0,0
3661,CU,0,0,0
3661,JM,1,1,551355
3661,TT,0,0,0
3661,BB,0,0,0
3661,LC,0,0,0
3661,AG,0,0,0
3661,MX,1,2,44023
3661,GT,0,0,0
3661,HN,0,0,0
3661,SV,0,0,0
3661,CR,1,1,185022
3661,VE,0,0,0
3661,GY,0,0,0
3661,SR,0,0,0
3661,EC,0,0,0
3661,PE,1,1,2520
3661,BR,1,1,17020
3661,BO,0,0,0
3661,AR,0,0,0
3661,UY,1,1,1500
3661,GB,0,0,0
3661,IE,0,0,0
3661,NL,0,0,0
3661,BE,0,0,0
3661,LU,0,0,0
3661,LI,0,0,0
3661,PT,0,0,0
3661,DE,0,0,0
3661,PL,0,0,0
3661,AT,1,1,5
3661,HU,0,0,0
3661,CS,0,0,0
3661,IT,0,0,0
3661,MT,0,0,0
3661,AL,0,0,0
3661,YU,0,0,0
3661,GR,0,0,0
3661,BG,0,0,0
3661,RO,1,1,15108
3661,RU,0,0,0
3661,EE,0,0,0
3661,LV,0,0,0
3661,LT,0,0,0
3661,UA,0,0,0
3661,BY,0,0,0
3661,FI,0,0,0
3661,SE,0,0,0
3661,NO,0,0,0
3661,DK,0,0,0
3661,IS,0,0,0
3661,CV,0,0,0
3661,ST,0,0,0
3661,GW,0,0,0
3661,ML,1,1,302000
3661,SN,0,0,0
3661,BJ,1,1,3
3661,MR,0,0,0
3661,NE,0,0,0
3661,CI,0,0,0
3661,GN,0,0,0
3661,BF,1,1,2600000
3661,LR,0,0,0
3661,GH,1,1,2000005
3661,TG,0,0,0
3661,CM,1,1,202
3661,NG,0,0,0
3661,GA,0,0,0
3661,CF,0,0,0
3661,TD,1,1,53
3661,CG,0,0,0
3661,UG,0,0,0
3661,KE,0,0,0
3661,TZ,0,0,0
3661,BI,0,0,0
3661,SO,0,0,0
3661,DJ,0,0,0
3661,ET,0,0,0
3661,AO,0,0,0
3661,MZ,1,1,3300000
3661,ZM,0,0,0
3661,ZW,1,1,5000000
3661,MW,1,1,150472
3661,NA,0,0,0
3661,LS,0,0,0
3661,BW,0,0,0
3661,SZ,0,0,0
3661,MG,0,0,0
3661,MA,0,0,0
3661,DZ,0,0,0
3661,TN,0,0,0
3661,IR,1,3,215048
3661,TR,1,1,542
3661,IQ,0,0,0
3661,EG,1,1,209
3661,SY,0,0,0
3661,LB,0,0,0
3661,JO,1,1,18008
3661,IL,0,0,0
3661,SA,0,0,0
3661,KW,0,0,0
3661,BH,0,0,0
3661,QA,0,0,0
3661,AE,0,0,0
3661,OM,0,0,0
3661,CN,1,4,215239588
3661,MN,0,0,0
3661,KR,1,1,1590
3661,JP,0,0,0
3661,IN,1,8,8701016
3661,PK,1,1,24
3661,BD,1,3,2990265
3661,MM,1,1,359999
3661,LK,1,2,337178
3661,MV,0,0,0
3661,NP,1,1,533
3661,TH,1,3,2516591
3661,LA,1,2,332000
3661,VN,1,3,295809
3661,MY,0,0,0
3661,SG,0,0,0
3661,BN,0,0,0
3661,PH,1,4,255175
3661,ID,1,2,162
3661,AU,1,1,6
3661,NZ,1,3,248
3661,SB,0,0,0
3661,FJ,0,0,0
3661,FM,0,0,0
3661,WS,0,0,0
3733,US,1,3,1005
3733,BS,0,0,0
3733,CU,1,1,9127
3733,HT,1,1,1000000
3733,DO,0,0,0
3733,JM,0,0,0
3733,TT,0,0,0
3733,BB,0,0,0
3733,DM,0,0,0
3733,GD,0,0,0
3733,LC,0,0,0
3733,VC,1,1,203
3733,AG,0,0,0
3733,KN,0,0,0
3733,MX,0,0,0
3733,BZ,0,0,0
3733,GT,0,0,0
3733,HN,0,0,0
3733,NI,0,0,0
3733,CR,1,1,1200
3733,PA,0,0,0
3733,CO,0,0,0
3733,VE,0,0,0
3733,GY,0,0,0
3733,SR,0,0,0
3733,EC,1,1,205022
3733,PE,1,2,1130000
3733,BR,1,4,147600
3733,BO,1,2,40054
3733,PY,1,1,65575
3733,CL,0,0,0
3733,AR,1,2,88119
3733,UY,1,1,4700
3733,GB,0,0,0
3733,IE,0,0,0
3733,BE,0,0,0
3733,LU,0,0,0
3733,FR,1,1,3
3733,LI,0,0,0
3733,ES,0,0,0
3733,PT,0,0,0
3733,PL,1,1,35
3733,AT,0,0,0
3733,CS,0,0,0
3733,IT,1,2,1002
3733,MT,0,0,0
3733,HR,0,0,0
3733,SI,0,0,0
3733,GR,0,0,0
3733,CY,0,0,0
3733,BG,0,0,0
3733,MD,0,0,0
3733,RO,0,0,0
3733,RU,1,2,31
3733,EE,0,0,0
3733,LV,0,0,0
3733,UA,0,0,0
3733,BY,0,0,0
3733,AM,0,0,0
3733,AZ,0,0,0
3733,FI,0,0,0
3733,SE,0,0,0
3733,NO,0,0,0
3733,IS,0,0,0
3733,CV,0,0,0
3733,ST,0,0,0
3733,GW,0,0,0
3733,GM,0,0,0
3733,ML,0,0,0
3733,SN,0,0,0
3733,BJ,0,0,0
3733,MR,0,0,0
3733,NE,0,0,0
3733,CI,0,0,0
3733,GN,0,0,0
3733,BF,0,0,0
3733,LR,0,0,0
3733,SL,0,0,0
3733,GH,0,0,0
3733,TG,0,0,0
3733,CM,0,0,0
3733,NG,0,0,0
3733,GA,0,0,0
3733,CF,0,0,0
3733,TD,0,0,0
3733,CG,0,0,0
3733,UG,0,0,0
3733,KE,0,0,0
3733,TZ,0,0,0
3733,BI,0,0,0
3733,RW,0,0,0
3733,DJ,0,0,0
3733,ET,0,0,0
3733,AO,0,0,0
3733,MZ,0,0,0
3733,ZM,0,0,0
3733,ZW,0,0,0
3733,MW,1,1,7000000
3733,NA,0,0,0
3733,LS,1,1,331500
3733,BW,0,0,0
3733,SZ,0,0,0
3733,MG,0,0,0
3733,KM,0,0,0
3733,MU,0,0,0
3733,SC,0,0,0
3733,MA,0,0,0
3733,DZ,1,1,2279
3733,TN,0,0,0
3733,SD,0,0,0
3733,IR,1,2,35063
3733,TR,0,0,0
3733,IQ,0,0,0
3733,EG,0,0,0
3733,SY,0,0,0
3733,LB,0,0,0
3733,JO,0,0,0
3733,IL,0,0,0
3733,SA,0,0,0
3733,KW,0,0,0
3733,BH,0,0,0
3733,QA,0,0,0
3733,AE,0,0,0
3733,OM,0,0,0
3733,AF,1,1,150
3733,KZ,0,0,0
3733,CN,1,7,12684975
3733,MN,0,0,0
3733,KP,0,0,0
3733,KR,1,1,283
3733,JP,0,0,0
3733,IN,1,5,3071832
3733,BT,0,0,0
3733,PK,1,2,12841314
3733,BD,1,3,75217
3733,MM,1,1,4630
3733,LK,1,1,250014
3733,MV,0,0,0
3733,NP,1,1,50056
3733,TH,0,0,0
3733,LA,1,1,160
3733,VN,1,2,109754
3733,MY,0,0,0
3733,SG,0,0,0
3733,BN,0,0,0
3733,PH,1,2,995637
3733,ID,1,2,505625
3733,AU,0,0,0
3733,PG,1,1,90000
3733,NZ,0,0,0
3733,VU,0,0,0
3733,SB,0,0,0
3733,FJ,0,0,0
3733,MH,0,0,0
3733,WS,0,0,0
4743,US,1,16,79408
4743,CA,1,5,3901
4743,BS,0,0,0
4743,CU,1,1,1502
4743,HT,1,2,24711
4743,DO,0,0,0
4743,JM,1,1,5001
4743,TT,0,0,0
4743,BB,0,0,0
4743,DM,0,0,0
4743,GD,0,0,0
4743,LC,0,0,0
4743,VC,0,0,0
4743,AG,0,0,0
4743,KN,0,0,0
4743,BZ,0,0,0
4743,GT,0,0,0
4743,HN,1,1,1504
4743,SV,0,0,0
4743,NI,0,0,0
4743,CR,0,0,0
4743,PA,1,3,7877
4743,CO,1,1,221615
4743,VE,1,1,135
4743,GY,1,1,35000
4743,SR,1,1,25003
4743,EC,1,1,57686
4743,PE,1,2,15325
4743,BR,1,2,116020
4743,BO,1,2,126625
4743,PY,0,0,0
4743,CL,1,1,95880
4743,AR,1,1,4500
4743,UY,0,0,0
4743,GB,0,0,0
4743,IE,0,0,0
4743,NL,0,0,0
4743,BE,0,0,0
4743,LU,0,0,0
4743,FR,0,0,0
4743,MC,0,0,0
4743,LI,0,0,0
4743,CH,1,1,3000
4743,ES,1,2,4
4743,AD,0,0,0
4743,PT,1,1,240
4743,DE,1,1,1000
4743,PL,1,1,500
4743,AT,1,1,516
4743,HU,1,1,32000
4743,CZ,1,2,4321
4743,SK,1,2,101
4743,IT,0,0,0
4743,SM,0,0,0
4743,MT,0,0,0
4743,AL,0,0,0
4743,MK,1,1,1500
4743,YU,0,0,0
4743,SI,0,0,0
4743,GR,1,2,3091
4743,CY,0,0,0
4743,MD,0,0,0
4743,RO,1,6,24634
4743,RU,1,3,7720
4743,EE,0,0,0
4743,LV,0,0,0
4743,UA,1,2,5002
4743,BY,0,0,0
4743,AM,0,0,0
4743,GE,1,1,600
4743,AZ,0,0,0
4743,FI,0,0,0
4743,SE,0,0,0
4743,NO,0,0,0
4743,DK,0,0,0
4743,IS,0,0,0
4743,CV,0,0,0
4743,ST,0,0,0
4743,GW,1,1,32000
4743,GM,0,0,0
4743,ML,1,2,26001
4743,SN,0,0,0
4743,BJ,0,0,0
4743,MR,1,2,10626
4743,NE,1,1,46476
4743,CI,0,0,0
4743,GN,1,1,1200
4743,BF,1,2,25610
4743,LR,0,0,0
4743,SL,0,0,0
4743,GH,0,0,0
4743,TG,1,1,2000
4743,CM,0,0,0
4743,NG,1,3,13040
4743,GA,0,0,0
4743,CF,0,0,0
4743,CG,1,1,5006
4743,CD,1,3,12971
4743,UG,1,2,5683
4743,KE,1,4,783512
4743,TZ,1,2,21528
4743,BI,1,6,14827
4743,SO,1,5,486602
4743,DJ,0,0,0
4743,ET,1,7,435097
4743,ER,0,0,0
4743,AO,1,1,225
4743,MZ,0,0,0
4743,ZM,0,0,0
4743,ZW,0,0,0
4743,MW,1,2,16008
4743,ZA,1,2,7172
4743,NA,1,2,2305
4743,LS,0,0,0
4743,BW,0,0,0
4743,SZ,0,0,0
4743,MG,0,0,0
4743,KM,0,0,0
4743,MU,0,0,0
4743,MA,1,3,2117
4743,DZ,1,1,60001
4743,TN,0,0,0
4743,LY,0,0,0
4743,SD,1,3,167027
4743,IR,1,1,2814
4743,TR,1,2,63074
4743,IQ,1,2,59930
4743,EG,0,0,0
4743,SY,1,1,6
4743,LB,0,0,0
4743,JO,0,0,0
4743,IL,0,0,0
4743,SA,0,0,0
4743,YE,1,2,2350
4743,KW,0,0,0
4743,BH,0,0,0
4743,QA,0,0,0
4743,AE,0,0,0
4743,OM,0,0,0
4743,AF,1,10,1933532
4743,TM,0,0,0
4743,KG,0,0,0
4743,UZ,0,0,0
4743,KZ,0,0,0
4743,CN,1,21,32990613
4743,MN,0,0,0
4743,KP,1,2,92102
4743,KR,1,1,4676
4743,JP,1,2,10574
4743,IN,1,17,7235372
4743,BT,0,0,0
4743,PK,1,7,8525
4743,BD,1,2,211775
4743,MM,1,1,10025
4743,LK,1,1,333027
4743,MV,0,0,0
4743,NP,1,2,200000
4743,TH,1,3,2557588
4743,KH,1,2,38005
4743,LA,0,0,0
4743,VN,1,5,52298
4743,MY,1,4,106524
4743,SG,0,0,0
4743,BN,0,0,0
4743,PH,1,5,316927
4743,ID,1,9,88921
4743,TL,0,0,0
4743,AU,1,5,1245
4743,PG,1,2,12401
4743,NZ,1,1,1200
4743,VU,0,0,0
4743,SB,0,0,0
4743,FJ,1,1,228
4743,TO,0,0,0
4743,NR,0,0,0
4743,MH,0,0,0
4743,PW,0,0,0
4743,FM,0,0,0
4743,WS,0,0,0
4818,US,1,10,659889
4818,CA,1,1,500
4818,BS,0,0,0
4818,HT,1,4,105022
4818,DO,1,2,19842
4818,JM,0,0,0
4818,TT,0,0,0
4818,BB,0,0,0
4818,DM,0,0,0
4818,GD,0,0,0
4818,LC,0,0,0
4818,VC,0,0,0
4818,AG,0,0,0
4818,KN,0,0,0
4818,MX,1,2,1655022
4818,BZ,0,0,0
4818,GT,1,2,2107
4818,HN,1,2,15506
4818,SV,1,1,502
4818,NI,1,1,24010
4818,CR,1,2,24519
4818,PA,1,1,131
4818,CO,1,4,2671705
4818,VE,0,0,0
4818,GY,0,0,0
4818,SR,0,0,0
4818,EC,0,0,0
4818,PE,1,1,47731
4818,BR,1,4,1206421
4818,BO,1,2,824610
4818,PY,1,1,125008
4818,CL,0,0,0
4818,AR,1,2,135010
4818,UY,1,2,120002
4818,GB,1,3,370214
4818,IE,0,0,0
4818,NL,0,0,0
4818,BE,0,0,0
4818,LU,0,0,0
4818,FR,0,0,0
4818,MC,0,0,0
4818,LI,0,0,0
4818,CH,1,1,102
4818,ES,1,3,4435
4818,AD,0,0,0
4818,PT,0,0,0
4818,DE,1,1,1
4818,PL,0,0,0
4818,AT,0,0,0
4818,HU,0,0,0
4818,SK,0,0,0
4818,IT,1,1,11
4818,SM,0,0,0
4818,MT,0,0,0
4818,AL,1,1,75
4818,ME,1,1,1086
4818,MK,1,1,1000001
4818,HR,1,2,38
4818,YU,0,0,0
4818,BA,0,0,0
4818,SI,0,0,0
4818,GR,1,3,6066
4818,CY,0,0,0
4818,BG,1,5,1094
4818,MD,0,0,0
4818,RO,1,4,4272
4818,RU,1,1,14000
4818,EE,0,0,0
4818,LV,0,0,0
4818,LT,0,0,0
4818,UA,0,0,0
4818,BY,0,0,0
4818,AM,0,0,0
4818,GE,0,0,0
4818,AZ,0,0,0
4818,FI,0,0,0
4818,SE,0,0,0
4818,NO,0,0,0
4818,DK,0,0,0
4818,IS,0,0,0
4818,CV,0,0,0
4818,GW,0,0,0
4818,ML,1,2,88876
4818,SN,1,1,5308
4818,BJ,1,1,10894
4818,MR,1,2,54123
4818,NE,1,1,57281
4818,CI,1,1,2000
4818,GN,1,1,20685
4818,BF,1,1,121095
4818,LR,1,1,17001
4818,SL,1,1,4500
4818,GH,1,1,332656
4818,TG,1,1,141372
4818,CM,1,1,10304
4818,NG,1,3,55091
4818,GA,0,0,0
4818,CF,1,1,7813
4818,TD,1,2,173015
4818,CG,1,1,25000
4818,CD,1,1,1632
4818,UG,1,2,721078
4818,KE,1,3,42670
4818,TZ,0,0,0
4818,BI,1,2,25706
4818,RW,1,2,4530
4818,DJ,1,1,42750
4818,ET,1,2,245403
4818,ER,0,0,0
4818,AO,1,2,46105
4818,MZ,1,5,922089
4818,ZM,1,2,1518759
4818,ZW,1,3,2117027
4818,MW,1,5,721967
4818,ZA,1,2,39626
4818,NA,1,1,15007
4818,LS,1,1,475000
4818,BW,0,0,0
4818,SZ,1,2,411502
4818,MG,1,1,33007
4818,KM,0,0,0
4818,MU,0,0,0
4818,MA,0,0,0
4818,DZ,1,7,1395
4818,TN,1,2,6516
4818,LY,0,0,0
4818,SD,1,1,565485
4818,TR,1,3,3202
4818,IQ,0,0,0
4818,EG,0,0,0
4818,SY,0,0,0
4818,LB,1,1,16
4818,JO,0,0,0
4818,IL,0,0,0
4818,SA,0,0,0
4818,YE,1,3,2711
4818,KW,0,0,0
4818,BH,0,0,0
4818,QA,0,0,0
4818,AE,0,0,0
4818,OM,0,0,0
4818,KG,1,1,845
4818,UZ,0,0,0
4818,KZ,0,0,0
4818,CN,1,11,111094311
4818,MN,0,0,0
4818,KR,1,1,1003
4818,JP,1,1,10002
4818,IN,1,16,38145059
4818,BT,0,0,0
4818,PK,1,6,3232
4818,BD,1,2,13852670
4818,MM,1,4,166669
4818,LK,1,3,406033
4818,MV,1,1,1649
4818,NP,1,1,640920
4818,TH,1,5,183053
4818,KH,1,1,19002
4818,LA,0,0,0
4818,VN,1,5,962402
4818,MY,1,2,166579
4818,SG,0,0,0
4818,BN,0,0,0
4818,PH,1,7,502405
4818,ID,1,7,300343
4818,TL,1,3,948
4818,AU,1,1,5009
4818,NZ,0,0,0
4818,VU,0,0,0
4818,SB,0,0,0
4818,FJ,1,2,906
4818,TO,0,0,0
4818,NR,0,0,0
4818,MH,0,0,0
4818,PW,0,0,0
4818,FM,0,0,0
4818,WS,0,0,0
4819,US,1,10,659889
4819,CA,1,1,500
4819,BS,0,0,0
4819,CU,1,1,18000
4819,HT,1,4,105022
4819,DO,1,2,19842
4819,JM,0,0,0
4819,TT,0,0,0
4819,BB,0,0,0
4819,DM,0,0,0
4819,GD,0,0,0
4819,LC,0,0,0
4819,VC,0,0,0
4819,AG,0,0,0
4819,KN,0,0,0
4819,MX,1,2,1655022
4819,BZ,0,0,0
4819,GT,1,2,2107
4819,HN,1,2,15506
4819,SV,1,1,502
4819,NI,1,1,24010
4819,CR,1,2,24519
4819,PA,1,1,131
4819,CO,1,4,2671705
4819,VE,0,0,0
4819,GY,0,0,0
4819,SR,0,0,0
4819,EC,0,0,0
4819,PE,1,1,47731
4819,BR,1,4,1206421
4819,BO,1,2,824610
4819,PY,1,1,125008
4819,CL,0,0,0
4819,AR,1,2,135010
4819,UY,1,2,120002
4819,GB,1,3,370214
4819,IE,0,0,0
4819,NL,0,0,0
4819,BE,0,0,0
4819,LU,0,0,0
4819,FR,0,0,0
4819,MC,0,0,0
4819,LI,0,0,0
4819,CH,1,1,102
4819,ES,1,3,4435
4819,AD,0,0,0
4819,PT,0,0,0
4819,DE,1,1,1
4819,PL,0,0,0
4819,AT,0,0,0
4819,HU,0,0,0
4819,CZ,0,0,0
4819,SK,0,0,0
4819,IT,1,1,11
4819,SM,0,0,0
4819,MT,0,0,0
4819,AL,1,1,75
4819,ME,1,1,1086
4819,MK,1,1,1000001
4819,HR,1,2,38
4819,YU,0,0,0
4819,BA,0,0,0
4819,SI,0,0,0
4819,GR,1,3,6066
4819,CY,0,0,0
4819,BG,1,5,1094
4819,MD,0,0,0
4819,RO,1,4,4272
4819,RU,1,1,14000
4819,EE,0,0,0
4819,LV,0,0,0
4819,LT,0,0,0
4819,UA,0,0,0
4819,BY,0,0,0
4819,AM,0,0,0
4819,GE,0,0,0
4819,AZ,0,0,0
4819,FI,0,0,0
4819,SE,0,0,0
4819,NO,0,0,0
4819,DK,0,0,0
4819,IS,0,0,0
4819,CV,0,0,0
4819,GW,0,0,0
4819,ML,1,2,88876
4819,SN,1,1,5308
4819,BJ,1,1,10894
4819,MR,1,2,54123
4819,NE,1,1,57281
4819,CI,1,1,2000
4819,GN,1,1,20685
4819,BF,1,1,121095
4819,LR,1,1,17001
4819,SL,1,1,4500
4819,GH,1,1,332656
4819,TG,1,1,141372
4819,CM,1,1,10304
4819,NG,1,3,55091
4819,GA,0,0,0
4819,CF,1,1,7813
4819,TD,1,2,173015
4819,CG,1,1,25000
4819,CD,1,1,1632
4819,UG,1,2,721078
4819,KE,1,3,42670
4819,TZ,0,0,0
4819,BI,1,2,25706
4819,DJ,1,1,42750
4819,ET,1,2,245403
4819,ER,0,0,0
4819,AO,1,2,46105
4819,MZ,1,5,922089
4819,ZM,1,2,1518759
4819,ZW,1,3,2117027
4819,MW,1,5,721967
4819,ZA,1,2,39626
4819,NA,1,1,15007
4819,LS,1,1,475000
4819,BW,0,0,0
4819,SZ,1,2,411502
4819,MG,1,1,33007
4819,KM,0,0,0
4819,MU,0,0,0
4819,MA,0,0,0
4819,DZ,1,7,1395
4819,TN,1,2,6516
4819,LY,0,0,0
4819,SD,1,1,565485
4819,IR,1,1,12
4819,TR,1,3,3202
4819,IQ,0,0,0
4819,EG,0,0,0
4819,SY,0,0,0
4819,LB,1,1,16
4819,JO,0,0,0
4819,IL,0,0,0
4819,SA,0,0,0
4819,YE,1,3,2711
4819,KW,0,0,0
4819,BH,0,0,0
4819,QA,0,0,0
4819,AE,0,0,0
4819,OM,0,0,0
4819,AF,1,7,30551
4819,TJ,1,2,17331
4819,KG,1,1,845
4819,UZ,0,0,0
4819,KZ,0,0,0
4819,CN,1,11,111094311
4819,MN,0,0,0
4819,KP,1,1,1171128
4819,KR,1,1,1003
4819,JP,1,1,10002
4819,IN,1,16,38145059
4819,BT,0,0,0
4819,PK,1,6,3232
4819,BD,1,2,13852670
4819,MM,1,4,166669
4819,LK,1,3,406033
4819,MV,1,1,1649
4819,NP,1,1,640920
4819,TH,1,5,183053
4819,KH,1,1,19002
4819,LA,0,0,0
4819,VN,1,5,962402
4819,MY,1,2,166579
4819,SG,0,0,0
4819,BN,0,0,0
4819,PH,1,7,502405
4819,ID,1,7,300343
4819,TL,1,3,948
4819,AU,1,1,5009
4819,NZ,0,0,0
4819,VU,0,0,0
4819,SB,0,0,0
4819,FJ,1,2,906
4819,NR,0,0,0
4819,MH,0,0,0
4819,PW,0,0,0
4819,WS,0,0,0
4899,US,1,5,11058013
4899,CA,1,2,2400
4899,BS,0,0,0
4899,CU,1,1,20000
4899,HT,0,0,0
4899,DO,0,0,0
4899,JM,0,0,0
4899,TT,0,0,0
4899,BB,0,0,0
4899,DM,0,0,0
4899,GD,0,0,0
4899,LC,0,0,0
4899,VC,0,0,0
4899,AG,0,0,0
4899,MX,1,1,20012
4899,BZ,1,1,38001
4899,GT,1,2,197330
4899,HN,1,1,313424
4899,SV,1,2,3030
4899,NI,1,2,14205
4899,CR,1,3,154505
4899,PA,1,2,23865
4899,CO,1,2,1200178
4899,VE,1,1,1508
4899,GY,1,1,100000
4899,EC,1,1,289163
4899,PE,1,1,450052
4899,BR,1,4,1752591
4899,BO,1,1,27500
4899,PY,1,1,18004
4899,CL,1,2,144764
4899,AR,1,1,85000
4899,UY,0,0,0
4899,GB,1,2,3308
4899,IE,0,0,0
4899,NL,0,0,0
4899,BE,0,0,0
4899,LU,0,0,0
4899,FR,0,0,0
4899,MC,0,0,0
4899,LI,0,0,0
4899,CH,0,0,0
4899,ES,0,0,0
4899,AD,0,0,0
4899,PT,1,1,112
4899,DE,0,0,0
4899,PL,0,0,0
4899,AT,0,0,0
4899,HU,0,0,0
4899,CZ,0,0,0
4899,SK,0,0,0
4899,IT,1,3,309
4899,SM,0,0,0
4899,MT,0,0,0
4899,AL,0,0,0
4899,ME,0,0,0
4899,MK,0,0,0
4899,HR,0,0,0
4899,YU,0,0,0
4899,BA,0,0,0
4899,SI,0,0,0
4899,GR,0,0,0
4899,CY,0,0,0
4899,BG,0,0,0
4899,MD,1,1,4003
4899,RO,1,1,11005
4899,RU,0,0,0
4899,EE,0,0,0
4899,LV,0,0,0
4899,LT,0,0,0
4899,UA,1,1,224763
4899,BY,0,0,0
4899,AM,0,0,0
4899,GE,0,0,0
4899,AZ,0,0,0
4899,FI,0,0,0
4899,SE,0,0,0
4899,NO,0,0,0
4899,DK,0,0,0
4899,IS,0,0,0
4899,CV,0,0,0
4899,ST,0,0,0
4899,ML,1,1,2500
4899,SN,1,1,23601
4899,BJ,1,1,158250
4899,MR,0,0,0
4899,NE,1,1,32007
4899,CI,1,1,456
4899,GN,1,1,4200
4899,BF,1,2,4876
4899,LR,1,1,340
4899,GH,1,1,58000
4899,TG,1,1,44820
4899,CM,1,1,25009
4899,NG,0,0,0
4899,TD,1,2,14450
4899,CG,0,0,0
4899,UG,1,2,1130089
4899,KE,1,7,3862497
4899,TZ,1,2,9530
4899,BI,1,3,85784
4899,RW,1,1,11346
4899,DJ,1,1,340000
4899,ET,1,4,6516485
4899,ER,1,1,1700000
4899,AO,1,1,81407
4899,MZ,1,2,503072
4899,ZM,1,2,49780
4899,ZW,0,0,0
4899,MW,1,1,16380
4899,ZA,1,2,4070
4899,NA,1,1,65042
4899,SZ,1,1,2500
4899,MG,0,0,0
4899,KM,0,0,0
4899,MU,0,0,0
4899,MA,1,2,20039
4899,DZ,1,1,59143
4899,TN,0,0,0
4899,LY,0,0,0
4899,SD,0,0,0
4899,IR,1,2,1502
4899,TR,1,1,302
4899,IQ,1,1,604
4899,EG,0,0,0
4899,SY,0,0,0
4899,LB,0,0,0
4899,JO,0,0,0
4899,IL,0,0,0
4899,SA,0,0,0
4899,YE,1,1,25154
4899,KW,0,0,0
4899,BH,0,0,0
4899,QA,0,0,0
4899,AE,0,0,0
4899,OM,0,0,0
4899,AF,1,2,281180
4899,TJ,1,1,800000
4899,KG,0,0,0
4899,UZ,0,0,0
4899,KZ,1,1,13001
4899,CN,1,8,10889518
4899,MN,0,0,0
4899,KP,0,0,0
4899,KR,1,1,23
4899,JP,1,1,50008
4899,IN,1,8,13990608
4899,BT,0,0,0
4899,PK,1,3,290847
4899,BD,1,2,635668
4899,MM,0,0,0
4899,LK,1,3,776953
4899,MV,0,0,0
4899,NP,1,2,250118
4899,TH,1,3,11539612
4899,KH,0,0,0
4899,LA,1,1,204196
4899,VN,1,4,612652
4899,MY,1,1,2000
4899,SG,0,0,0
4899,BN,0,0,0
4899,ID,1,12,730925
4899,TL,0,0,0
4899,AU,1,4,8407
4899,PG,1,2,75300
4899,NZ,0,0,0
4899,VU,0,0,0
4899,SB,0,0,0
4899,TV,0,0,0
4899,FJ,0,0,0
4899,NR,0,0,0
4899,MH,1,1,600
4899,PW,0,0,0
4899,WS,0,0,0
5037,US,1,7,40428
5037,CA,1,1,200
5037,BS,0,0,0
5037,CU,0,0,0
5037,HT,1,3,12727
5037,DO,1,2,14572
5037,JM,0,0,0
5037,TT,0,0,0
5037,BB,0,0,0
5037,DM,0,0,0
5037,GD,0,0,0
5037,LC,0,0,0
5037,VC,0,0,0
5037,AG,0,0,0
5037,MX,1,5,140212
5037,BZ,0,0,0
5037,GT,1,2,2510800
5037,SV,0,0,0
5037,NI,1,2,6885
5037,CR,0,0,0
5037,PA,1,1,4248
5037,CO,1,1,31273
5037,GY,0,0,0
5037,SR,0,0,0
5037,EC,1,2,119310
5037,PE,1,1,236466
5037,BR,1,7,1862738
5037,BO,1,1,63000
5037,PY,1,2,212035
5037,CL,0,0,0
5037,AR,1,2,30625
5037,UY,1,1,4001
5037,GB,1,1,3903
5037,NL,0,0,0
5037,BE,0,0,0
5037,LU,0,0,0
5037,MC,0,0,0
5037,LI,0,0,0
5037,CH,0,0,0
5037,ES,1,1,6
5037,AD,0,0,0
5037,PT,0,0,0
5037,PL,1,1,151
5037,AT,1,2,1
5037,HU,0,0,0
5037,CZ,1,1,14463
5037,SK,0,0,0
5037,IT,1,2,5177
5037,SM,0,0,0
5037,MT,0,0,0
5037,AL,0,0,0
5037,ME,0,0,0
5037,MK,0,0,0
5037,HR,0,0,0
5037,YU,0,0,0
5037,BA,1,2,3730
5037,SI,0,0,0
5037,GR,1,2,1040
5037,CY,0,0,0
5037,BG,0,0,0
5037,MD,0,0,0
5037,RO,1,2,15
5037,RU,0,0,0
5037,EE,0,0,0
5037,LV,0,0,0
5037,LT,0,0,0
5037,UA,0,0,0
5037,BY,0,0,0
5037,AM,0,0,0
5037,GE,0,0,0
5037,FI,0,0,0
5037,SE,0,0,0
5037,NO,0,0,0
5037,DK,0,0,0
5037,IS,0,0,0
5037,CV,1,1,153
5037,GW,0,0,0
5037,ML,1,1,20431
5037,SN,1,1,264006
5037,BJ,1,2,119667
5037,MR,1,1,10001
5037,NE,1,2,7979132
5037,CI,0,0,0
5037,GN,1,1,40002
5037,BF,1,2,151509
5037,LR,1,1,586
5037,SL,1,1,1573
5037,GH,1,2,159585
5037,CM,0,0,0
5037,NG,1,2,150031
5037,GA,0,0,0
5037,CF,1,1,11001
5037,TD,1,3,2412921
5037,CG,0,0,0
5037,KE,1,1,44866
5037,BI,1,2,188000
5037,RW,0,0,0
5037,SO,1,1,1750
5037,DJ,0,0,0
5037,ET,1,1,6200000
5037,ER,0,0,0
5037,AO,1,3,225127
5037,MZ,1,2,10450
5037,ZM,1,1,614845
5037,ZW,0,0,0
5037,MW,0,0,0
5037,ZA,1,2,20314
5037,NA,1,1,350092
5037,LS,0,0,0
5037,BW,1,2,4656
5037,SZ,0,0,0
5037,MG,0,0,0
5037,KM,1,1,2502
5037,MU,0,0,0
5037,MA,1,1,2024
5037,DZ,1,2,2596
5037,TN,1,1,25
5037,LY,0,0,0
5037,SD,1,1,111475
5037,IR,0,0,0
5037,TR,1,2,35178
5037,IQ,1,1,3002
5037,EG,0,0,0
5037,SY,0,0,0
5037,LB,0,0,0
5037,JO,0,0,0
5037,IL,0,0,0
5037,SA,1,1,10161
5037,YE,0,0,0
5037,KW,0,0,0
5037,BH,0,0,0
5037,QA,0,0,0
5037,AE,0,0,0
5037,OM,0,0,0
5037,AF,1,3,62585
5037,TJ,1,1,15021
5037,KG,0,0,0
5037,UZ,0,0,0
5037,KZ,0,0,0
5037,CN,1,9,105386247
5037,MN,1,1,15026
5037,KP,0,0,0
5037,KR,0,0,0
5037,JP,0,0,0
5037,IN,1,7,5987508
5037,BT,0,0,0
5037,PK,1,3,75182
5037,BD,1,3,500016
5037,MM,0,0,0
5037,LK,1,3,380003
5037,MV,0,0,0
5037,NP,1,2,257903
5037,TH,1,2,232599
5037,KH,0,0,0
5037,LA,1,1,10
5037,VN,1,2,740037
5037,MY,1,3,16875
5037,SG,0,0,0
5037,BN,0,0,0
5037,PH,1,8,1083331
5037,ID,1,6,41954
5037,TL,0,0,0
5037,AU,1,2,19141
5037,PG,0,0,0
5037,NZ,0,0,0
5037,SB,1,1,7021
5037,TV,0,0,0
5037,FJ,1,1,10568
5037,TO,0,0,0
5037,NR,0,0,0
5037,MH,0,0,0
5037,PW,0,0,0
5037,FM,0,0,0
5037,WS,0,0,0
5095,US,1,3,1020
5095,CA,0,0,0
5095,BS,0,0,0
5095,CU,0,0,0
5095,HT,1,3,22131
5095,JM,0,0,0
5095,LC,1,2,2000
5095,AG,0,0,0
5095,MX,1,2,1020066
5095,BZ,0,0,0
5095,GT,1,1,3270
5095,HN,1,2,5132
5095,SV,0,0,0
5095,NI,1,2,75926
5095,CR,1,2,3133
5095,PA,1,4,32956
5095,CO,1,4,2797209
5095,VE,1,1,94841
5095,SR,0,0,0
5095,EC,1,2,6954
5095,PE,1,1,80020
5095,BR,1,4,307301
5095,BO,1,3,290686
5095,PY,0,0,0
5095,CL,0,0,0
5095,AR,1,1,3512
5095,UY,0,0,0
5095,GB,0,0,0
5095,IE,0,0,0
5095,NL,0,0,0
5095,BE,1,1,693
5095,LU,0,0,0
5095,FR,1,1,25
5095,MC,0,0,0
5095,LI,0,0,0
5095,CH,0,0,0
5095,ES,1,1,32
5095,AD,0,0,0
5095,PT,1,1,661
5095,DE,1,1,3
5095,PL,1,2,100719
5095,AT,0,0,0
5095,HU,1,1,2001
5095,CZ,1,3,1411
5095,SK,1,2,854
5095,IT,1,1,300
5095,SM,0,0,0
5095,MT,0,0,0
5095,AL,1,2,20600
5095,ME,1,3,6800
5095,MK,0,0,0
5095,HR,1,2,1110
5095,YU,0,0,0
5095,BA,1,2,34913
5095,SI,0,0,0
5095,CY,0,0,0
5095,BG,1,1,90
5095,MD,1,1,12001
5095,RO,1,1,12263
5095,RU,1,5,55744
5095,EE,0,0,0
5095,LV,0,0,0
5095,LT,1,1,4
5095,UA,1,1,40065
5095,BY,0,0,0
5095,AM,0,0,0
5095,GE,0,0,0
5095,AZ,1,1,70003
5095,FI,0,0,0
5095,SE,0,0,0
5095,NO,0,0,0
5095,DK,0,0,0
5095,IS,0,0,0
5095,CV,0,0,0
5095,ST,0,0,0
5095,GW,1,1,56794
5095,GM,1,2,38970
5095,ML,1,3,632000
5095,SN,1,2,102518
5095,BJ,1,1,831046
5095,MR,1,1,8750
5095,NE,1,2,233231
5095,CI,1,2,6443
5095,GN,1,2,48034
5095,BF,1,1,133378
5095,LR,1,1,15487
5095,SL,1,1,234
5095,GH,1,2,17237
5095,TG,1,2,111572
5095,CM,1,1,3108
5095,NG,1,1,1500240
5095,TD,1,1,144603
5095,CD,1,3,73278
5095,UG,0,0,0
5095,KE,1,2,211358
5095,TZ,1,1,50018
5095,SO,1,3,4036211
5095,DJ,1,1,200258
5095,ET,1,2,80719
5095,ER,0,0,0
5095,AO,1,3,189806
5095,MZ,1,2,477005
5095,ZM,1,1,1200
5095,ZW,1,2,1668438
5095,MW,1,1,21290
5095,ZA,0,0,0
5095,LS,0,0,0
5095,BW,0,0,0
5095,SZ,0,0,0
5095,MG,0,0,0
5095,KM,0,0,0
5095,MU,0,0,0
5095,MA,1,3,84576
5095,DZ,0,0,0
5095,TN,0,0,0
5095,LY,0,0,0
5095,SD,1,2,26398
5095,IR,0,0,0
5095,TR,0,0,0
5095,IQ,0,0,0
5095,EG,1,1,3512
5095,SY,0,0,0
5095,LB,0,0,0
5095,JO,0,0,0
5095,IL,1,2,20068
5095,SA,1,2,109
5095,YE,1,2,1024
5095,KW,0,0,0
5095,BH,0,0,0
5095,QA,0,0,0
5095,AE,0,0,0
5095,OM,0,0,0
5095,AF,1,2,45135
5095,TJ,1,2,8697
5095,KG,0,0,0
5095,UZ,0,0,0
5095,CN,1,7,175196072
5095,MN,0,0,0
5095,KP,1,2,55785
5095,KR,0,0,0
5095,JP,1,1,10
5095,IN,1,8,3773098
5095,PK,1,4,20365609
5095,BD,1,2,575015
5095,MM,0,0,0
5095,LK,1,2,770300
5095,MV,0,0,0
5095,NP,1,2,8150
5095,TH,1,2,15453513
5095,KH,1,1,8
5095,LA,0,0,0
5095,VN,1,4,1490019
5095,MY,0,0,0
5095,SG,0,0,0
5095,BN,0,0,0
5095,PH,1,8,874541
5095,ID,1,7,57001
5095,TL,0,0,0
5095,AU,1,5,11200
5095,PG,0,0,0
5095,NZ,0,0,0
5095,VU,0,0,0
5095,SB,1,1,16019
5095,TV,0,0,0
5095,FJ,0,0,0
5095,TO,0,0,0
5095,NR,0,0,0
5095,MH,0,0,0
5095,PW,0,0,0
5095,FM,0,0,0
5095,WS,0,0,0
5139,US,1,8,42230
5139,CA,1,2,9006
5139,BS,0,0,0
5139,CU,0,0,0
5139,HT,1,2,4474
5139,DO,1,1,11204
5139,JM,0,0,0
5139,TT,0,0,0
5139,BB,0,0,0
5139,DM,0,0,0
5139,GD,0,0,0
5139,LC,0,0,0
5139,VC,1,1,275
5139,AG,0,0,0
5139,MX,1,5,2980077
5139,BZ,0,0,0
5139,GT,1,3,534887
5139,HN,1,1,69831
5139,SV,1,1,300035
5139,NI,1,1,143035
5139,CR,1,1,46699
5139,PA,1,2,4000
5139,CO,1,2,1487796
5139,VE,1,3,3685
5139,GY,0,0,0
5139,SR,0,0,0
5139,EC,1,1,3600
5139,PE,1,3,823017
5139,BR,1,8,1216578
5139,BO,1,1,88877
5139,PY,0,0,0
5139,CL,1,1,400
5139,AR,0,0,0
5139,UY,0,0,0
5139,GB,0,0,0
5139,IE,1,1,602
5139,NL,0,0,0
5139,LU,0,0,0
5139,FR,1,1,2306
5139,MC,0,0,0
5139,LI,0,0,0
5139,CH,0,0,0
5139,ES,1,1,2401
5139,AD,0,0,0
5139,PT,0,0,0
5139,DE,1,1,4
5139,PL,0,0,0
5139,AT,0,0,0
5139,HU,0,0,0
5139,CZ,0,0,0
5139,SK,0,0,0
5139,IT,1,2,16
5139,SM,0,0,0
5139,MT,0,0,0
5139,AL,0,0,0
5139,ME,0,0,0
5139,MK,0,0,0
5139,HR,0,0,0
5139,YU,0,0,0
5139,BA,0,0,0
5139,SI,0,0,0
5139,GR,0,0,0
5139,CY,0,0,0
5139,BG,0,0,0
5139,MD,0,0,0
5139,RO,0,0,0
5139,RU,1,2,14169
5139,EE,0,0,0
5139,LV,0,0,0
5139,LT,0,0,0
5139,UA,0,0,0
5139,BY,0,0,0
5139,AM,0,0,0
5139,GE,1,1,1757
5139,AZ,0,0,0
5139,FI,0,0,0
5139,SE,0,0,0
5139,NO,0,0,0
5139,DK,0,0,0
5139,IS,0,0,0
5139,CV,0,0,0
5139,GW,0,0,0
5139,ML,1,1,15416
5139,SN,1,2,855220
5139,BJ,1,1,5840
5139,NE,1,2,41191
5139,CI,0,0,0
5139,GN,1,1,20143
5139,BF,1,1,2850000
5139,LR,0,0,0
5139,SL,1,1,21
5139,TG,0,0,0
5139,CM,0,0,0
5139,NG,1,4,31089
5139,GA,0,0,0
5139,CF,1,1,2935
5139,TD,0,0,0
5139,CG,0,0,0
5139,UG,1,2,732102
5139,KE,1,4,4400725
5139,TZ,1,4,1066013
5139,BI,1,1,685
5139,SO,1,1,2800
5139,DJ,0,0,0
5139,ET,1,2,4845879
5139,ER,0,0,0
5139,AO,1,4,90814
5139,MZ,1,2,63957
5139,ZM,1,1,1375
5139,MW,1,3,83591
5139,ZA,1,1,200361
5139,NA,1,1,500108
5139,LS,1,3,730541
5139,SZ,0,0,0
5139,MG,0,0,0
5139,KM,0,0,0
5139,MU,0,0,0
5139,MA,0,0,0
5139,DZ,1,1,803
5139,TN,0,0,0
5139,LY,0,0,0
5139,SD,0,0,0
5139,IR,0,0,0
5139,TR,1,1,11
5139,IQ,1,1,2007
5139,EG,1,1,15
5139,SY,0,0,0
5139,LB,0,0,0
5139,JO,0,0,0
5139,IL,0,0,0
5139,SA,1,1,11
5139,YE,0,0,0
5139,KW,0,0,0
5139,BH,0,0,0
5139,QA,0,0,0
5139,AE,0,0,0
5139,OM,0,0,0
5139,AF,1,3,1762872
5139,TJ,1,1,2130
5139,KG,0,0,0
5139,UZ,0,0,0
5139,KZ,1,1,16002
5139,CN,1,5,93360628
5139,MN,0,0,0
5139,KP,1,2,51157
5139,KR,1,2,29062
5139,JP,1,1,2006
5139,IN,1,7,12004677
5139,BT,0,0,0
5139,PK,1,1,5401264
5139,BD,1,1,1570569
5139,MM,1,1,35885
5139,LK,1,3,1293989
5139,MV,0,0,0
5139,NP,1,2,1962
5139,TH,1,3,10216987
5139,KH,1,1,1640270
5139,LA,1,2,467048
5139,VN,1,3,1361706
5139,MY,1,1,20002
5139,SG,0,0,0
5139,BN,0,0,0
5139,PH,1,14,2047129
5139,ID,1,6,19926
5139,TL,0,0,0
5139,AU,1,2,337
5139,PG,0,0,0
5139,NZ,0,0,0
5139,SB,0,0,0
5139,FJ,0,0,0
5139,TO,0,0,0
5139,NR,0,0,0
5139,MH,0,0,0
5139,PW,0,0,0
5139,FM,0,0,0
5140,US,1,8,42230
5140,CA,1,2,9006
5140,BS,0,0,0
5140,CU,0,0,0
5140,HT,1,2,4474
5140,DO,1,1,11204
5140,JM,0,0,0
5140,TT,0,0,0
5140,BB,0,0,0
5140,DM,0,0,0
5140,GD,0,0,0
5140,LC,0,0,0
5140,VC,1,1,275
5140,AG,0,0,0
5140,MX,1,5,2980077
5140,BZ,0,0,0
5140,GT,1,3,534887
5140,HN,1,1,69831
5140,SV,1,1,300035
5140,NI,1,1,143035
5140,CR,1,1,46699
5140,PA,1,2,4000
5140,CO,1,2,1487796
5140,VE,1,3,3685
5140,GY,0,0,0
5140,SR,0,0,0
5140,EC,1,1,3600
5140,PE,1,3,823017
5140,BR,1,8,1216578
5140,BO,1,1,88877
5140,PY,0,0,0
5140,CL,1,1,400
5140,AR,0,0,0
5140,UY,0,0,0
5140,GB,0,0,0
5140,IE,1,1,602
5140,NL,0,0,0
5140,LU,0,0,0
5140,FR,1,1,2306
5140,MC,0,0,0
5140,LI,0,0,0
5140,CH,0,0,0
5140,ES,1,1,2401
5140,AD,0,0,0
5140,PT,0,0,0
5140,DE,1,1,4
5140,PL,0,0,0
5140,AT,0,0,0
5140,HU,0,0,0
5140,CZ,0,0,0
5140,SK,0,0,0
5140,IT,1,2,16
5140,SM,0,0,0
5140,MT,0,0,0
5140,AL,0,0,0
5140,ME,0,0,0
5140,MK,0,0,0
5140,HR,0,0,0
5140,YU,0,0,0
5140,BA,0,0,0
5140,SI,0,0,0
5140,GR,0,0,0
5140,CY,0,0,0
5140,BG,0,0,0
5140,MD,0,0,0
5140,RO,0,0,0
5140,RU,1,2,14169
5140,EE,0,0,0
5140,LV,0,0,0
5140,LT,0,0,0
5140,UA,0,0,0
5140,BY,0,0,0
5140,AM,0,0,0
5140,GE,1,1,1757
5140,AZ,0,0,0
5140,FI,0,0,0
5140,SE,0,0,0
5140,NO,0,0,0
5140,DK,0,0,0
5140,IS,0,0,0
5140,CV,0,0,0
5140,GW,0,0,0
5140,ML,1,1,15416
5140,SN,1,2,855220
5140,BJ,1,1,5840
5140,NE,1,2,41191
5140,CI,0,0,0
5140,GN,1,1,20143
5140,BF,1,1,2850000
5140,LR,0,0,0
5140,SL,1,1,21
5140,TG,0,0,0
5140,CM,0,0,0
5140,NG,1,4,31089
5140,GA,0,0,0
5140,CF,1,1,2935
5140,TD,0,0,0
5140,CG,0,0,0
5140,UG,1,2,732102
5140,KE,1,4,4400725
5140,TZ,1,4,1066013
5140,BI,1,1,685
5140,SO,1,1,2800
5140,DJ,0,0,0
5140,ET,1,2,4845879
5140,ER,0,0,0
5140,AO,1,4,90814
5140,MZ,1,2,63957
5140,ZM,1,1,1375
5140,MW,1,3,83591
5140,ZA,1,1,200361
5140,NA,1,1,500108
5140,LS,1,3,730541
5140,SZ,0,0,0
5140,MG,0,0,0
5140,KM,0,0,0
5140,MU,0,0,0
5140,MA,0,0,0
5140,DZ,1,1,803
5140,TN,0,0,0
5140,LY,0,0,0
5140,SD,0,0,0
5140,TR,1,1,11
5140,IQ,1,1,2007
5140,EG,1,1,15
5140,SY,0,0,0
5140,LB,0,0,0
5140,JO,0,0,0
5140,IL,0,0,0
5140,SA,1,1,11
5140,YE,0,0,0
5140,KW,0,0,0
5140,BH,0,0,0
5140,QA,0,0,0
5140,AE,0,0,0
5140,OM,0,0,0
5140,AF,1,3,1762872
5140,TJ,1,1,2130
5140,KG,0,0,0
5140,UZ,0,0,0
5140,KZ,1,1,16002
5140,CN,1,5,93360628
5140,MN,0,0,0
5140,KP,1,2,51157
5140,KR,1,2,29062
5140,JP,1,1,2006
5140,IN,1,7,12004677
5140,BT,0,0,0
5140,PK,1,1,5401264
5140,BD,1,1,1570569
5140,MM,1,1,35885
5140,LK,1,3,1293989
5140,MV,0,0,0
5140,NP,1,2,1962
5140,TH,1,3,10216987
5140,VN,1,3,1361706
5140,MY,1,1,20002
5140,SG,0,0,0
5140,BN,0,0,0
5140,PH,1,14,2047129
5140,ID,1,6,19926
5140,TL,0,0,0
5140,AU,1,2,337
5140,PG,0,0,0
5140,NZ,0,0,0
5140,SB,0,0,0
5140,FJ,0,0,0
5140,TO,0,0,0
5140,NR,0,0,0
5140,MH,0,0,0
5140,PW,0,0,0
5140,FM,0,0,0
5242,US,1,5,3152
5242,CA,1,1,1500
5242,BS,0,0,0
5242,CU,1,1,3002
5242,HT,1,3,26507
5242,DO,1,2,14570
5242,JM,0,0,0
5242,TT,0,0,0
5242,BB,0,0,0
5242,DM,0,0,0
5242,GD,0,0,0
5242,LC,0,0,0
5242,VC,0,0,0
5242,AG,0,0,0
5242,KN,0,0,0
5242,MX,0,0,0
5242,BZ,0,0,0
5242,GT,1,1,266485
5242,HN,1,1,125000
5242,SV,0,0,0
5242,NI,1,1,29509
5242,CR,1,1,9529
5242,PA,1,2,9454
5242,CO,1,3,81595
5242,VE,1,1,11000
5242,GY,0,0,0
5242,SR,0,0,0
5242,EC,1,2,73839
5242,PE,1,1,50043
5242,BR,1,3,4299003
5242,BO,1,1,69098
5242,PY,1,2,1470845
5242,CL,1,3,5390
5242,AR,1,1,10006
5242,UY,0,0,0
5242,GB,1,4,3208
5242,IE,0,0,0
5242,NL,0,0,0
5242,BE,0,0,0
5242,LU,0,0,0
5242,FR,0,0,0
5242,MC,0,0,0
5242,LI,0,0,0
5242,CH,0,0,0
5242,ES,1,2,655
5242,AD,0,0,0
5242,PT,0,0,0
5242,DE,0,0,0
5242,PL,0,0,0
5242,AT,0,0,0
5242,HU,0,0,0
5242,CZ,0,0,0
5242,SK,0,0,0
5242,IT,1,2,1204
5242,SM,0,0,0
5242,MT,0,0,0
5242,AL,0,0,0
5242,ME,0,0,0
5242,MK,0,0,0
5242,HR,1,1,1500
5242,YU,0,0,0
5242,BA,0,0,0
5242,SI,1,1,12000
5242,GR,1,1,201
5242,CY,0,0,0
5242,BG,1,1,37955
5242,MD,1,1,5800
5242,RO,0,0,0
5242,RU,1,6,47586
5242,EE,0,0,0
5242,LV,0,0,0
5242,LT,0,0,0
5242,BY,0,0,0
5242,AM,0,0,0
5242,GE,1,1,100023
5242,AZ,0,0,0
5242,FI,0,0,0
5242,SE,0,0,0
5242,NO,0,0,0
5242,DK,0,0,0
5242,IS,0,0,0
5242,CV,0,0,0
5242,GW,0,0,0
5242,GM,1,1,428000
5242,ML,0,0,0
5242,SN,1,1,57019
5242,BJ,1,1,55004
5242,MR,0,0,0
5242,NE,1,1,531043
5242,CI,0,0,0
5242,GN,0,0,0
5242,BF,1,1,21018
5242,LR,0,0,0
5242,SL,0,0,0
5242,GH,0,0,0
5242,TG,0,0,0
5242,CM,1,3,64005
5242,NG,1,1,7001230
5242,GA,1,1,77846
5242,TD,1,3,2213651
5242,CG,1,2,9633
5242,CD,1,1,4536
5242,UG,1,1,15000
5242,KE,1,1,280743
5242,TZ,1,1,10
5242,BI,0,0,0
5242,RW,1,1,11165
5242,DJ,0,0,0
5242,ET,0,0,0
5242,ER,0,0,0
5242,AO,1,1,1833900
5242,MZ,0,0,0
5242,ZM,0,0,0
5242,ZW,0,0,0
5242,MW,1,3,1990739
5242,ZA,1,1,125013
5242,NA,1,1,650
5242,LS,0,0,0
5242,BW,0,0,0
5242,SZ,0,0,0
5242,MG,0,0,0
5242,KM,1,1,65141
5242,MU,0,0,0
5242,SC,0,0,0
5242,MA,0,0,0
5242,DZ,1,2,170
5242,TN,0,0,0
5242,LY,0,0,0
5242,SD,1,1,135170
5242,SS,1,2,157047
5242,IR,1,1,1007
5242,TR,1,1,13
5242,IQ,0,0,0
5242,EG,0,0,0
5242,SY,0,0,0
5242,LB,0,0,0
5242,JO,0,0,0
5242,IL,0,0,0
5242,SA,1,1,19
5242,YE,0,0,0
5242,KW,0,0,0
5242,BH,0,0,0
5242,QA,0,0,0
5242,AE,0,0,0
5242,OM,0,0,0
5242,AF,1,6,51299
5242,TJ,1,1,5556
5242,KG,1,1,11000
5242,UZ,0,0,0
5242,KZ,1,1,9400
5242,CN,1,12,32992622
5242,MN,0,0,0
5242,KP,1,2,3093177
5242,KR,0,0,0
5242,JP,1,1,48165
5242,IN,1,6,4248639
5242,BT,0,0,0
5242,PK,1,3,5051082
5242,BD,1,2,5398614
5242,MM,1,1,85002
5242,LK,1,2,2247074
5242,MV,0,0,0
5242,NP,1,1,77
5242,TH,1,2,12235545
5242,KH,1,1,71514
5242,LA,0,0,0
5242,VN,1,1,17574
5242,MY,0,0,0
5242,SG,0,0,0
5242,BN,0,0,0
5242,PH,1,8,4614785
5242,ID,1,6,22858
5242,TL,0,0,0
5242,AU,1,2,16004
5242,NZ,0,0,0
5242,VU,0,0,0
5242,SB,1,1,4836
5242,TV,0,0,0
5242,FJ,1,2,19560
5242,TO,0,0,0
5242,NR,0,0,0
5242,MH,0,0,0
5242,PW,0,0,0
5242,FM,0,0,0
5242,WS,0,0,0
5243,US,1,5,3152
5243,CA,1,1,1500
5243,BS,0,0,0
5243,CU,1,1,3002
5243,HT,1,3,26507
5243,DO,1,2,14570
5243,JM,0,0,0
5243,TT,0,0,0
5243,BB,0,0,0
5243,DM,0,0,0
5243,GD,0,0,0
5243,LC,0,0,0
5243,VC,0,0,0
5243,KN,0,0,0
5243,MX,0,0,0
5243,BZ,0,0,0
5243,GT,1,1,266485
5243,HN,1,1,125000
5243,SV,0,0,0
5243,NI,1,1,29509
5243,CR,1,1,9529
5243,PA,1,2,9454
5243,CO,1,3,81595
5243,VE,1,1,11000
5243,GY,0,0,0
5243,SR,0,0,0
5243,EC,1,2,73839
5243,PE,1,1,50043
5243,BR,1,3,4299003
5243,BO,1,1,69098
5243,PY,1,2,1470845
5243,CL,1,3,5390
5243,AR,1,1,10006
5243,UY,0,0,0
5243,GB,1,4,3208
5243,IE,0,0,0
5243,NL,0,0,0
5243,BE,0,0,0
5243,LU,0,0,0
5243,FR,0,0,0
5243,MC,0,0,0
5243,LI,0,0,0
5243,CH,0,0,0
5243,ES,1,2,655
5243,AD,0,0,0
5243,PT,0,0,0
5243,DE,0,0,0
5243,PL,0,0,0
5243,AT,0,0,0
5243,HU,0,0,0
5243,CZ,0,0,0
5243,SK,0,0,0
5243,IT,1,2,1204
5243,SM,0,0,0
5243,MT,0,0,0
5243,AL,0,0,0
5243,ME,0,0,0
5243,MK,0,0,0
5243,HR,1,1,1500
5243,YU,0,0,0
5243,BA,0,0,0
5243,SI,1,1,12000
5243,GR,1,1,201
5243,CY,0,0,0
5243,BG,1,1,37955
5243,MD,1,1,5800
5243,RO,0,0,0
5243,RU,1,6,47586
5243,EE,0,0,0
5243,LV,0,0,0
5243,LT,0,0,0
5243,BY,0,0,0
5243,AM,0,0,0
5243,GE,1,1,100023
5243,AZ,0,0,0
5243,FI,0,0,0
5243,SE,0,0,0
5243,NO,0,0,0
5243,DK,0,0,0
5243,IS,0,0,0
5243,CV,0,0,0
5243,GW,0,0,0
5243,GQ,0,0,0
5243,GM,1,1,428000
5243,ML,0,0,0
5243,SN,1,1,57019
5243,BJ,1,1,55004
5243,MR,0,0,0
5243,NE,1,1,531043
5243,CI,0,0,0
5243,GN,0,0,0
5243,BF,1,1,21018
5243,LR,0,0,0
5243,SL,0,0,0
5243,GH,0,0,0
5243,TG,0,0,0
5243,CM,1,3,64005
5243,NG,1,1,7001230
5243,GA,1,1,77846
5243,TD,1,3,2213651
5243,CG,1,2,9633
5243,CD,1,1,4536
5243,UG,1,1,15000
5243,KE,1,1,280743
5243,TZ,1,1,10
5243,BI,0,0,0
5243,RW,1,1,11165
5243,DJ,0,0,0
5243,ET,0,0,0
5243,ER,0,0,0
5243,AO,1,1,1833900
5243,MZ,0,0,0
5243,ZM,0,0,0
5243,ZW,0,0,0
5243,MW,1,3,1990739
5243,ZA,1,1,125013
5243,NA,1,1,650
5243,LS,0,0,0
5243,BW,0,0,0
5243,MG,0,0,0
5243,KM,1,1,65141
5243,MU,0,0,0
5243,SC,0,0,0
5243,MA,0,0,0
5243,DZ,1,2,170
5243,TN,0,0,0
5243,LY,0,0,0
5243,SD,1,1,135170
5243,SS,1,2,157047
5243,IR,1,1,1007
5243,TR,1,1,13
5243,IQ,0,0,0
5243,EG,0,0,0
5243,SY,0,0,0
5243,LB,0,0,0
5243,JO,0,0,0
5243,IL,0,0,0
5243,SA,1,1,19
5243,YE,0,0,0
5243,KW,0,0,0
5243,BH,0,0,0
5243,QA,0,0,0
5243,AE,0,0,0
5243,OM,0,0,0
5243,AF,1,6,51299
5243,TJ,1,1,5556
5243,KG,1,1,11000
5243,KZ,1,1,9400
5243,CN,1,12,32992622
5243,MN,0,0,0
5243,KP,1,2,3093177
5243,KR,0,0,0
5243,JP,1,1,48165
5243,IN,1,6,4248639
5243,BT,0,0,0
5243,PK,1,3,5051082
5243,BD,1,2,5398614
5243,MM,1,1,85002
5243,LK,1,2,2247074
5243,MV,0,0,0
5243,NP,1,1,77
5243,TH,1,2,12235545
5243,KH,1,1,71514
5243,MY,0,0,0
5243,SG,0,0,0
5243,BN,0,0,0
5243,PH,1,8,4614785
5243,ID,1,6,22858
5243,TL,0,0,0
5243,AU,1,2,16004
5243,PG,1,1,200005
5243,NZ,0,0,0
5243,VU,0,0,0
5243,SB,1,1,4836
5243,TV,0,0,0
5243,FJ,1,2,19560
5243,TO,0,0,0
5243,NR,0,0,0
5243,MH,0,0,0
5243,PW,0,0,0
5243,FM,0,0,0
5243,WS,0,0,0
5305,US,1,11,37148
5305,CA,1,1,100004
5305,BS,1,1,1000
5305,CU,1,1,229
5305,HT,1,1,33271
5305,DO,0,0,0
5305,JM,0,0,0
5305,TT,0,0,0
5305,BB,0,0,0
5305,GD,0,0,0
5305,LC,0,0,0
5305,VC,0,0,0
5305,AG,0,0,0
5305,MX,1,1,13
5305,BZ,0,0,0
5305,GT,0,0,0
5305,HN,0,0,0
5305,SV,0,0,0
5305,NI,1,1,14176
5305,CR,0,0,0
5305,CO,1,1,51788
5305,VE,0,0,0
5305,GY,0,0,0
5305,SR,0,0,0
5305,EC,1,2,28732
5305,PE,1,2,181189
5305,BR,1,5,247529
5305,BO,1,3,824449
5305,PY,1,2,136400
5305,CL,0,0,0
5305,AR,1,1,350052
5305,UY,0,0,0
5305,GB,0,0,0
5305,IE,0,0,0
5305,NL,0,0,0
5305,BE,0,0,0
5305,LU,0,0,0
5305,FR,1,1,2002
5305,MC,0,0,0
5305,LI,0,0,0
5305,CH,0,0,0
5305,ES,1,1,600
5305,AD,0,0,0
5305,PT,1,1,9
5305,DE,1,1,6354
5305,PL,0,0,0
5305,AT,1,1,204
5305,HU,1,1,48565
5305,CZ,1,1,1300015
5305,SK,1,1,1
5305,IT,1,1,2718
5305,SM,0,0,0
5305,MT,0,0,0
5305,AL,0,0,0
5305,ME,0,0,0
5305,MK,1,1,4912
5305,HR,0,0,0
5305,YU,0,0,0
5305,BA,0,0,0
5305,SI,0,0,0
5305,GR,0,0,0
5305,CY,0,0,0
5305,BG,0,0,0
5305,MD,0,0,0
5305,RO,1,1,5409
5305,RU,1,2,35639
5305,EE,0,0,0
5305,LV,0,0,0
5305,LT,0,0,0
5305,UA,1,1,2262
5305,BY,0,0,0
5305,AM,0,0,0
5305,GE,1,2,25000
5305,AZ,0,0,0
5305,FI,0,0,0
5305,SE,0,0,0
5305,NO,0,0,0
5305,DK,0,0,0
5305,IS,0,0,0
5305,CV,0,0,0
5305,ST,0,0,0
5305,GW,0,0,0
5305,GQ,0,0,0
5305,GM,1,1,3302
5305,SN,1,1,163314
5305,BJ,1,2,35495
5305,MR,1,1,6538
5305,NE,1,2,181061
5305,CI,0,0,0
5305,BF,1,1,11398
5305,SL,1,1,2257
5305,GH,1,1,25005
5305,TG,0,0,0
5305,CM,1,1,805
5305,NG,1,1,81525
5305,GA,0,0,0
5305,TD,0,0,0
5305,CG,0,0,0
5305,CD,0,0,0
5305,UG,1,1,25458
5305,KE,1,4,115928
5305,TZ,0,0,0
5305,BI,0,0,0
5305,RW,0,0,0
5305,SO,1,2,105007
5305,DJ,0,0,0
5305,ET,1,1,51500
5305,ER,0,0,0
5305,AO,1,1,1009
5305,MZ,1,2,316122
5305,ZM,1,1,1800
5305,MW,1,1,33003
5305,ZA,0,0,0
5305,NA,1,2,794500
5305,LS,0,0,0
5305,BW,1,1,4222
5305,SZ,0,0,0
5305,MG,0,0,0
5305,KM,0,0,0
5305,MU,1,1,93
5305,SC,0,0,0
5305,MA,0,0,0
5305,DZ,0,0,0
5305,TN,0,0,0
5305,LY,1,1,2016
5305,SD,1,1,500209
5305,TR,0,0,0
5305,IQ,1,2,15
5305,EG,0,0,0
5305,SY,0,0,0
5305,LB,0,0,0
5305,JO,0,0,0
5305,IL,0,0,0
5305,SA,1,2,1060
5305,YE,1,1,49132
5305,KW,0,0,0
5305,BH,0,0,0
5305,QA,0,0,0
5305,AE,0,0,0
5305,OM,0,0,0
5305,AF,1,4,17210
5305,TJ,0,0,0
5305,KG,0,0,0
5305,UZ,0,0,0
5305,KZ,0,0,0
5305,CN,1,15,12684667
5305,MN,0,0,0
5305,KP,1,1,848741
5305,KR,0,0,0
5305,JP,1,1,3638
5305,IN,1,5,3425926
5305,BT,0,0,0
5305,PK,1,2,1498050
5305,BD,0,0,0
5305,MM,1,1,73307
5305,LK,1,2,74071
5305,MV,0,0,0
5305,NP,1,2,17018
5305,TH,1,3,3515338
5305,KH,1,1,1500200
5305,LA,1,2,574276
5305,VN,1,6,2161142
5305,MY,1,1,75004
5305,SG,0,0,0
5305,BN,0,0,0
5305,PH,1,5,4500443
5305,ID,1,9,568865
5305,TL,0,0,0
5305,AU,1,2,1443
5305,PG,1,1,35000
5305,SB,1,1,10227
5305,KI,0,0,0
5305,TV,0,0,0
5305,MH,1,1,6384
5305,PW,0,0,0
5305,FM,0,0,0
5305,WS,0,0,0
5307,US,1,11,37148
5307,CA,1,1,100004
5307,BS,1,1,1000
5307,CU,1,1,229
5307,HT,1,1,33271
5307,DO,0,0,0
5307,JM,0,0,0
5307,TT,0,0,0
5307,BB,0,0,0
5307,GD,0,0,0
5307,LC,0,0,0
5307,VC,0,0,0
5307,AG,0,0,0
5307,MX,1,1,13
5307,BZ,0,0,0
5307,GT,0,0,0
5307,HN,0,0,0
5307,SV,0,0,0
5307,NI,1,1,14176
5307,CR,0,0,0
5307,CO,1,1,51788
5307,VE,0,0,0
5307,GY,0,0,0
5307,SR,0,0,0
5307,EC,1,2,28732
5307,PE,1,2,181189
5307,BR,1,5,247529
5307,BO,1,3,824449
5307,PY,1,2,136400
5307,CL,0,0,0
5307,AR,1,1,350052
5307,UY,0,0,0
5307,GB,0,0,0
5307,IE,0,0,0
5307,NL,0,0,0
5307,BE,0,0,0
5307,LU,0,0,0
5307,FR,1,1,2002
5307,MC,0,0,0
5307,LI,0,0,0
5307,CH,0,0,0
5307,ES,1,1,600
5307,AD,0,0,0
5307,PT,1,1,9
5307,DE,1,1,6354
5307,PL,0,0,0
5307,AT,1,1,204
5307,HU,1,1,48565
5307,CZ,1,1,1300015
5307,SK,1,1,1
5307,IT,1,1,2718
5307,SM,0,0,0
5307,MT,0,0,0
5307,AL,0,0,0
5307,ME,0,0,0
5307,MK,1,1,4912
5307,HR,0,0,0
5307,YU,0,0,0
5307,BA,0,0,0
5307,SI,0,0,0
5307,GR,0,0,0
5307,CY,0,0,0
5307,BG,0,0,0
5307,MD,0,0,0
5307,RO,1,1,5409
5307,RU,1,2,35639
5307,EE,0,0,0
5307,LV,0,0,0
5307,LT,0,0,0
5307,UA,1,1,2262
5307,BY,0,0,0
5307,AM,0,0,0
5307,GE,1,2,25000
5307,AZ,0,0,0
5307,FI,0,0,0
5307,SE,0,0,0
5307,NO,0,0,0
5307,DK,0,0,0
5307,IS,0,0,0
5307,CV,0,0,0
5307,ST,0,0,0
5307,GW,0,0,0
5307,GM,1,1,3302
5307,SN,1,1,163314
5307,BJ,1,2,35495
5307,MR,1,1,6538
5307,NE,1,2,181061
5307,CI,0,0,0
5307,BF,1,1,11398
5307,SL,1,1,2257
5307,GH,1,1,25005
5307,TG,0,0,0
5307,CM,1,1,805
5307,GA,0,0,0
5307,TD,0,0,0
5307,CD,0,0,0
5307,UG,1,1,25458
5307,KE,1,4,115928
5307,TZ,0,0,0
5307,BI,0,0,0
5307,SO,1,2,105007
5307,DJ,0,0,0
5307,ET,1,1,51500
5307,ER,0,0,0
5307,AO,1,1,1009
5307,MZ,1,2,316122
5307,ZM,1,1,1800
5307,ZW,1,2,4309825
5307,MW,1,1,33003
5307,ZA,0,0,0
5307,NA,1,2,794500
5307,LS,0,0,0
5307,BW,1,1,4222
5307,SZ,0,0,0
5307,MG,0,0,0
5307,KM,0,0,0
5307,MU,1,1,93
5307,SC,0,0,0
5307,MA,0,0,0
5307,DZ,0,0,0
5307,TN,0,0,0
5307,LY,1,1,2016
5307,SD,1,1,500209
5307,IR,0,0,0
5307,TR,0,0,0
5307,IQ,1,2,15
5307,EG,0,0,0
5307,SY,0,0,0
5307,LB,0,0,0
5307,JO,0,0,0
5307,IL,0,0,0
5307,SA,1,2,1060
5307,YE,1,1,49132
5307,KW,0,0,0
5307,BH,0,0,0
5307,QA,0,0,0
5307,AE,0,0,0
5307,OM,0,0,0
5307,AF,1,4,17210
5307,TJ,0,0,0
5307,KG,0,0,0
5307,UZ,0,0,0
5307,KZ,0,0,0
5307,CN,1,15,12684667
5307,MN,0,0,0
5307,KP,1,1,848741
5307,KR,0,0,0
5307,JP,1,1,3638
5307,IN,1,5,3425926
5307,BT,0,0,0
5307,PK,1,2,1498050
5307,BD,0,0,0
5307,MM,1,1,73307
5307,LK,1,2,74071
5307,MV,0,0,0
5307,NP,1,2,17018
5307,TH,1,3,3515338
5307,KH,1,1,1500200
5307,LA,1,2,574276
5307,VN,1,6,2161142
5307,MY,1,1,75004
5307,SG,0,0,0
5307,BN,0,0,0
5307,PH,1,5,4500443
5307,ID,1,9,568865
5307,TL,0,0,0
5307,AU,1,2,1443
5307,PG,1,1,35000
5307,SB,1,1,10227
5307,KI,0,0,0
5307,TV,0,0,0
5307,FJ,0,0,0
5307,TO,0,0,0
5307,MH,1,1,6384
5307,PW,0,0,0
5307,FM,0,0,0
5307,WS,0,0,0
5462,US,1,10,42124
5462,CA,1,1,13036
5462,BS,0,0,0
5462,CU,1,2,110092
5462,HT,1,1,45006
5462,DO,1,2,21202
5462,JM,0,0,0
5462,TT,0,0,0
5462,BB,0,0,0
5462,DM,0,0,0
5462,GD,0,0,0
5462,LC,0,0,0
5462,VC,0,0,0
5462,AG,0,0,0
5462,KN,0,0,0
5462,MX,1,1,3000
5462,BZ,1,1,20000
5462,GT,1,2,65144
5462,HN,0,0,0
5462,SV,1,2,700001
5462,NI,1,1,3752
5462,CR,1,2,9666
5462,PA,1,2,3500
5462,CO,1,3,127116
5462,VE,1,1,45297
5462,GY,1,1,199000
5462,SR,0,0,0
5462,EC,1,1,1197
5462,PE,1,2,150649
5462,BR,1,4,298521
5462,BO,1,2,96915
5462,PY,1,2,140162
5462,CL,1,3,194208
5462,AR,1,3,141144
5462,UY,1,3,35328
5462,GB,0,0,0
5462,IE,0,0,0
5462,NL,0,0,0
5462,BE,0,0,0
5462,LU,0,0,0
5462,FR,1,1,20
5462,MC,0,0,0
5462,LI,0,0,0
5462,CH,0,0,0
5462,ES,1,2,158
5462,AD,0,0,0
5462,PT,1,1,1
5462,DE,0,0,0
5462,PL,0,0,0
5462,AT,0,0,0
5462,HU,0,0,0
5462,CZ,0,0,0
5462,SK,0,0,0
5462,IT,1,3,556
5462,SM,0,0,0
5462,MT,0,0,0
5462,AL,1,3,42301
5462,ME,0,0,0
5462,MK,1,2,105037
5462,HR,1,1,1200
5462,YU,0,0,0
5462,SI,0,0,0
5462,GR,1,2,503
5462,CY,0,0,0
5462,BG,1,1,5
5462,MD,0,0,0
5462,RO,1,1,1501
5462,RU,1,2,7508
5462,EE,0,0,0
5462,LV,0,0,0
5462,LT,0,0,0
5462,UA,0,0,0
5462,BY,0,0,0
5462,AM,0,0,0
5462,GE,1,1,10360
5462,AZ,0,0,0
5462,FI,0,0,0
5462,SE,0,0,0
5462,NO,0,0,0
5462,DK,0,0,0
5462,IS,0,0,0
5462,CV,0,0,0
5462,GW,0,0,0
5462,GQ,0,0,0
5462,ML,1,1,2005
5462,SN,0,0,0
5462,BJ,0,0,0
5462,MR,0,0,0
5462,NE,1,2,2675192
5462,CI,1,1,16
5462,GN,1,1,29637
5462,BF,1,1,28933
5462,LR,0,0,0
5462,SL,1,1,24313
5462,GH,1,1,5025
5462,TG,0,0,0
5462,CM,1,1,30004
5462,NG,1,1,100473
5462,GA,0,0,0
5462,CF,0,0,0
5462,CG,0,0,0
5462,CD,1,4,247615
5462,KE,1,3,245437
5462,TZ,1,1,5012
5462,BI,1,1,4231
5462,RW,1,1,3433
5462,SO,1,3,7616296
5462,DJ,0,0,0
5462,ET,1,2,10410600
5462,ER,0,0,0
5462,AO,1,3,5075
5462,MZ,1,1,177805
5462,ZM,0,0,0
5462,ZW,0,0,0
5462,MW,1,2,7338923
5462,ZA,1,1,2700000
5462,NA,1,1,580000
5462,LS,0,0,0
5462,MG,1,1,24026
5462,KM,0,0,0
5462,MU,0,0,0
5462,MA,0,0,0
5462,DZ,1,2,35012
5462,TN,0,0,0
5462,LY,0,0,0
5462,SD,1,2,800020
5462,SS,0,0,0
5462,TR,1,2,6517
5462,IQ,1,1,65058
5462,EG,0,0,0
5462,SY,0,0,0
5462,LB,0,0,0
5462,JO,0,0,0
5462,IL,0,0,0
5462,SA,1,2,23
5462,YE,0,0,0
5462,KW,0,0,0
5462,BH,0,0,0
5462,QA,0,0,0
5462,AE,0,0,0
5462,OM,0,0,0
5462,AF,1,1,3017
5462,TM,0,0,0
5462,TJ,1,2,10802
5462,KG,0,0,0
5462,UZ,0,0,0
5462,KZ,1,1,12672
5462,CN,1,13,1374681
5462,MN,0,0,0
5462,KP,1,2,18003574
5462,KR,0,0,0
5462,JP,1,1,45067
5462,IN,1,11,346414298
5462,BT,0,0,0
5462,PK,1,6,1577857
5462,BD,1,2,1411932
5462,MM,1,3,1635875
5462,LK,1,2,27319
5462,MV,0,0,0
5462,NP,0,0,0
5462,KH,1,1,22000
5462,VN,1,3,1765134
5462,MY,1,1,3001
5462,SG,0,0,0
5462,BN,0,0,0
5462,PH,1,6,413049
5462,ID,1,8,477012
5462,TL,0,0,0
5462,AU,1,4,625
5462,PG,1,2,2540024
5462,NZ,1,2,501
5462,VU,0,0,0
5462,SB,0,0,0
5462,TV,0,0,0
5462,FJ,1,1,67000
5462,MH,0,0,0
5462,FM,0,0,0
5490,AF,1,4,84
5490,AL,1,1,4502
5491,AL,1,1,4502
5490,DZ,0,0,0
5491,DZ,0,0,0
5490,AD,0,0,0
5491,AD,0,0,0
5490,AO,1,4,10012
5491,AO,1,4,10012
5490,AG,0,0,0
5491,AG,0,0,0
5490,AR,1,1,72119
5491,AR,1,1,72119
5490,AM,0,0,0
5491,AM,0,0,0
5490,AU,1,2,823
5491,AU,1,2,823
5490,AZ,0,0,0
5491,AZ,0,0,0
5490,BS,0,0,0
5491,BS,0,0,0
5490,BH,0,0,0
5491,BH,0,0,0
5490,BD,1,1,1900106
5491,BD,1,1,1900106
5490,BB,0,0,0
5491,BB,0,0,0
5490,BY,0,0,0
5491,BY,0,0,0
5490,BE,1,1,1
5491,BE,1,1,1
5490,BZ,0,0,0
5491,BZ,0,0,0
5490,BJ,0,0,0
5491,BJ,0,0,0
5490,BT,0,0,0
5491,BT,0,0,0
5490,BO,1,3,670424
5491,BO,1,3,670424
5490,BA,0,0,0
5491,BA,0,0,0
5490,BW,0,0,0
5491,BW,0,0,0
5490,BR,1,2,50533
5491,BR,1,2,50533
5490,BN,0,0,0
5491,BN,0,0,0
5490,BG,0,0,0
5491,BG,0,0,0
5491,BF,1,1,34908
5491,BI,0,0,0
5490,CV,0,0,0
5491,CV,0,0,0
5490,KH,1,1,2500000
5491,KH,1,1,2500000
5490,CM,0,0,0
5491,CM,0,0,0
5490,CA,1,2,88300
5491,CA,1,2,88300
5490,CF,0,0,0
5491,CF,0,0,0
5490,TD,0,0,0
5491,TD,0,0,0
5490,CL,1,1,112
5491,CL,1,1,112
5490,CN,1,13,71298016
5491,CN,1,13,71298016
5490,CO,1,2,2282
5491,CO,1,2,2282
5490,KM,0,0,0
5491,KM,0,0,0
5490,CG,0,0,0
5491,CG,0,0,0
5490,CR,0,0,0
5491,CR,0,0,0
5490,CI,1,1,20
5491,CI,1,1,20
5490,HR,0,0,0
5491,HR,0,0,0
5490,CU,0,0,0
5491,CU,0,0,0
5490,CY,0,0,0
5491,CY,0,0,0
5490,CZ,0,0,0
5491,CZ,0,0,0
5491,KP,1,2,668267
5490,CD,1,1,2635
5491,CD,1,1,2635
5490,DK,0,0,0
5491,DK,0,0,0
5490,DJ,0,0,0
5491,DJ,0,0,0
5490,DM,0,0,0
5491,DM,0,0,0
5490,DO,1,2,2792015
5491,DO,1,2,2792015
5490,EC,1,2,33964
5491,EC,1,2,33964
5490,EG,0,0,0
5491,EG,0,0,0
5490,SV,0,0,0
5491,SV,0,0,0
5490,ER,0,0,0
5491,ER,0,0,0
5490,EE,0,0,0
5491,EE,0,0,0
5490,ET,1,2,493208
5491,ET,1,2,493208
5490,FJ,0,0,0
5491,FJ,0,0,0
5490,FI,0,0,0
5491,FI,0,0,0
5490,FR,1,1,29
5491,FR,1,1,29
5490,GA,0,0,0
5491,GA,0,0,0
5490,GE,0,0,0
5491,GE,0,0,0
5490,DE,1,1,7
5491,DE,1,1,7
5490,GH,1,1,10
5491,GH,1,1,10
5490,GR,1,1,204
5491,GR,1,1,204
5490,GD,0,0,0
5491,GD,0,0,0
5490,GT,0,0,0
5491,GT,0,0,0
5490,GN,0,0,0
5491,GN,0,0,0
5490,GW,0,0,0
5491,GW,0,0,0
5490,GY,0,0,0
5491,GY,0,0,0
5490,HT,1,7,3694558
5491,HT,1,7,3694558
5490,HN,1,1,450006
5491,HN,1,1,450006
5490,HU,1,1,2282
5491,HU,1,1,2282
5490,IS,0,0,0
5491,IS,0,0,0
5490,IN,1,9,3806673
5491,IN,1,9,3806673
5490,ID,1,10,392098
5491,ID,1,10,392098
5490,IR,0,0,0
5490,IQ,0,0,0
5490,IE,0,0,0
5491,IE,0,0,0
5490,IL,1,1,60137
5491,IL,1,1,60137
5490,IT,1,1,402
5491,IT,1,1,402
5490,JM,0,0,0
5491,JM,0,0,0
5490,JP,1,1,6007
5491,JP,1,1,6007
5490,JO,0,0,0
5491,JO,0,0,0
5490,KZ,0,0,0
5491,KZ,0,0,0
5490,KE,1,3,3411042
5491,KE,1,3,3411042
5490,KI,0,0,0
5491,KI,0,0,0
5490,KW,0,0,0
5491,KW,0,0,0
5490,KG,0,0,0
5491,KG,0,0,0
5490,LA,1,1,26333
5490,LV,0,0,0
5491,LV,0,0,0
5490,LB,0,0,0
5491,LB,0,0,0
5490,LS,1,1,709000
5491,LS,1,1,709000
5490,LR,1,1,15431
5491,LR,1,1,15431
5490,LY,0,0,0
5491,LY,0,0,0
5490,LI,0,0,0
5491,LI,0,0,0
5490,LT,0,0,0
5491,LT,0,0,0
5490,LU,0,0,0
5491,LU,0,0,0
5490,MG,1,1,1140000
5491,MG,1,1,1140000
5490,MW,1,1,2812
5491,MW,1,1,2812
5490,MY,1,3,6841
5491,MY,1,3,6841
5490,MV,0,0,0
5491,MV,0,0,0
5490,ML,1,1,9513
5491,ML,1,1,9513
5490,MT,0,0,0
5491,MT,0,0,0
5490,MH,0,0,0
5491,MH,0,0,0
5490,MR,0,0,0
5491,MR,0,0,0
5490,MU,0,0,0
5491,MU,0,0,0
5490,MX,1,5,53025
5491,MX,1,5,53025
5490,FM,0,0,0
5491,FM,0,0,0
5490,MC,0,0,0
5491,MC,0,0,0
5490,MN,0,0,0
5491,MN,0,0,0
5490,ME,0,0,0
5491,ME,0,0,0
5490,MA,0,0,0
5491,MA,0,0,0
5490,MZ,1,3,2471663
5491,MZ,1,3,2471663
5490,MM,1,2,852246
5491,MM,1,2,852246
5490,NA,0,0,0
5491,NA,0,0,0
5490,NR,0,0,0
5491,NR,0,0,0
5490,NP,1,3,20748
5491,NP,1,3,20748
5490,NL,0,0,0
5491,NL,0,0,0
5490,NZ,1,1,300
5491,NZ,1,1,300
5490,NI,0,0,0
5491,NI,0,0,0
5490,NE,1,2,126327
5491,NE,1,2,126327
5490,NG,1,1,12018
5491,NG,1,1,12018
5490,NO,0,0,0
5491,NO,0,0,0
5490,OM,1,1,2
5491,OM,1,1,2
5490,PK,1,7,11131
5491,PK,1,7,11131
5490,PW,0,0,0
5491,PW,0,0,0
5490,PA,0,0,0
5491,PA,0,0,0
5490,PG,1,1,6600
5491,PG,1,1,6600
5490,PE,1,1,10002
5491,PE,1,1,10002
5490,PH,1,2,2563143
5491,PH,1,2,2563143
5490,PL,1,1,5
5491,PL,1,1,5
5490,PT,1,1,1365
5491,PT,1,1,1365
5490,QA,0,0,0
5491,QA,0,0,0
5490,KR,0,0,0
5491,KR,0,0,0
5490,MD,0,0,0
5491,MD,0,0,0
5491,RO,1,2,303
5490,RU,1,3,11696
5491,RU,1,3,11696
5490,KN,0,0,0
5491,KN,0,0,0
5490,LC,0,0,0
5491,LC,0,0,0
5490,VC,1,1,25000
5491,VC,1,1,25000
5490,WS,0,0,0
5491,WS,0,0,0
5490,SM,0,0,0
5491,SM,0,0,0
5490,SA,1,2,936
5491,SA,1,2,936
5490,SN,1,1,10651
5491,SN,1,1,10651
5490,YU,0,0,0
5491,YU,0,0,0
5490,SL,0,0,0
5491,SL,0,0,0
5490,SG,0,0,0
5491,SG,0,0,0
5490,SK,0,0,0
5491,SK,0,0,0
5490,SI,0,0,0
5491,SI,0,0,0
5490,SB,0,0,0
5491,SB,0,0,0
5490,ZA,1,2,7513
5491,ZA,1,2,7513
5490,SS,1,2,3622000
5491,SS,1,2,3622000
5490,ES,1,1,155
5491,ES,1,1,155
5490,LK,1,2,1201805
5491,LK,1,2,1201805
5490,SD,1,1,200175
5491,SD,1,1,200175
5490,SR,0,0,0
5491,SR,0,0,0
5491,SZ,1,1,492000
5490,SE,0,0,0
5491,SE,0,0,0
5490,CH,0,0,0
5491,CH,0,0,0
5490,SY,0,0,0
5491,SY,0,0,0
5490,TJ,1,1,12754
5491,TJ,1,1,12754
5490,TH,1,3,808864
5491,TH,1,3,808864
5490,MK,1,1,33604
5491,MK,1,1,33604
5490,TL,1,1,120000
5491,TL,1,1,120000
5490,TG,0,0,0
5491,TG,0,0,0
5490,TO,0,0,0
5491,TO,0,0,0
5490,TT,0,0,0
5491,TT,0,0,0
5490,TN,0,0,0
5491,TN,0,0,0
5490,TR,0,0,0
5491,TR,0,0,0
5490,TV,0,0,0
5491,TV,0,0,0
5490,UG,1,1,10000
5491,UG,1,1,10000
5490,UA,1,1,203
5491,UA,1,1,203
5490,AE,0,0,0
5491,AE,0,0,0
5490,GB,0,0,0
5491,GB,0,0,0
5490,TZ,1,3,140291
5491,TZ,1,3,140291
5490,US,1,10,99522
5491,US,1,10,99522
5490,UY,1,1,10613
5491,UY,1,1,10613
5490,UZ,0,0,0
5490,VU,0,0,0
5491,VU,0,0,0
5490,VN,1,4,1428676
5491,VN,1,4,1428676
5490,YE,1,1,29770
5491,YE,1,1,29770
5490,ZM,0,0,0
5491,ZM,0,0,0
5577,AF,1,1,1858
5579,AF,1,1,1858
5585,AF,1,1,1858
5587,AF,1,1,1858
5577,AL,1,1,21003
5579,AL,1,1,21003
5585,AL,1,1,21003
5587,AL,1,1,21003
5577,DZ,0,0,0
5579,DZ,0,0,0
5585,DZ,0,0,0
5587,DZ,0,0,0
5577,AD,0,0,0
5579,AD,0,0,0
5585,AD,0,0,0
5587,AD,0,0,0
5577,AO,1,2,1450261
5579,AO,1,2,1450261
5585,AO,1,2,1450261
5587,AO,1,2,1450261
5577,AG,0,0,0
5579,AG,0,0,0
5585,AG,0,0,0
5587,AG,0,0,0
5577,AR,1,4,65428
5579,AR,1,4,65428
5585,AR,1,4,65428
5587,AR,1,4,65428
5577,AM,0,0,0
5579,AM,0,0,0
5585,AM,0,0,0
5587,AM,0,0,0
5577,AU,1,1,143
5579,AU,1,1,143
5585,AU,1,1,143
5587,AU,1,1,143
5577,AT,0,0,0
5579,AT,0,0,0
5585,AT,0,0,0
5587,AT,0,0,0
5577,AZ,0,0,0
5579,AZ,0,0,0
5585,AZ,0,0,0
5587,AZ,0,0,0
5577,BS,0,0,0
5579,BS,0,0,0
5585,BS,0,0,0
5587,BS,0,0,0
5577,BH,0,0,0
5579,BH,0,0,0
5585,BH,0,0,0
5587,BH,0,0,0
5577,BD,1,2,8086169
5579,BD,1,2,8086169
5585,BD,1,2,8086169
5587,BD,1,2,8086169
5577,BB,0,0,0
5579,BB,0,0,0
5585,BB,0,0,0
5587,BB,0,0,0
5577,BY,0,0,0
5579,BY,0,0,0
5585,BY,0,0,0
5587,BY,0,0,0
5577,BE,0,0,0
5579,BE,0,0,0
5585,BE,0,0,0
5587,BE,0,0,0
5577,BZ,0,0,0
5579,BZ,0,0,0
5585,BZ,0,0,0
5587,BZ,0,0,0
5577,BJ,0,0,0
5579,BJ,0,0,0
5585,BJ,0,0,0
5587,BJ,0,0,0
5577,BT,0,0,0
5579,BT,0,0,0
5585,BT,0,0,0
5587,BT,0,0,0
5577,BO,0,0,0
5579,BO,0,0,0
5585,BO,0,0,0
5587,BO,0,0,0
5577,BA,0,0,0
5579,BA,0,0,0
5585,BA,0,0,0
5587,BA,0,0,0
5577,BW,1,1,3250
5579,BW,1,1,3250
5585,BW,1,1,3250
5587,BW,1,1,3250
5577,BR,1,1,104154
5579,BR,1,1,104154
5585,BR,1,1,104154
5587,BR,1,1,104154
5577,BN,0,0,0
5579,BN,0,0,0
5585,BN,0,0,0
5587,BN,0,0,0
5577,BG,0,0,0
5579,BG,0,0,0
5585,BG,0,0,0
5587,BG,0,0,0
5577,BF,1,1,884
5579,BF,1,1,884
5585,BF,1,1,884
5587,BF,1,1,884
5577,BI,0,0,0
5579,BI,0,0,0
5585,BI,0,0,0
5587,BI,0,0,0
5577,CV,1,1,70000
5579,CV,1,1,70000
5585,CV,1,1,70000
5587,CV,1,1,70000
5577,KH,0,0,0
5579,KH,0,0,0
5585,KH,0,0,0
5587,KH,0,0,0
5577,CM,1,1,12893
5579,CM,1,1,12893
5585,CM,1,1,12893
5587,CM,1,1,12893
5577,CA,1,3,62556
5579,CA,1,3,62556
5585,CA,1,3,62556
5587,CA,1,3,62556
5577,CF,1,1,3500
5579,CF,1,1,3500
5585,CF,1,1,3500
5587,CF,1,1,3500
5577,TD,1,1,1886800
5579,TD,1,1,1886800
5587,TD,1,1,1886800
5577,CL,1,4,14867
5579,CL,1,4,14867
5585,CL,1,4,14867
5587,CL,1,4,14867
5577,CN,1,13,14333839
5579,CN,1,13,14333839
5585,CN,1,13,14333839
5587,CN,1,13,14333839
5577,CO,1,4,30888
5579,CO,1,4,30888
5585,CO,1,4,30888
5587,CO,1,4,30888
5577,KM,0,0,0
5579,KM,0,0,0
5585,KM,0,0,0
5587,KM,0,0,0
5577,CG,0,0,0
5579,CG,0,0,0
5585,CG,0,0,0
5587,CG,0,0,0
5577,CR,0,0,0
5579,CR,0,0,0
5585,CR,0,0,0
5587,CR,0,0,0
5577,CI,1,1,240
5579,CI,1,1,240
5585,CI,1,1,240
5587,CI,1,1,240
5577,HR,1,1,80
5579,HR,1,1,80
5585,HR,1,1,80
5587,HR,1,1,80
5577,CU,0,0,0
5579,CU,0,0,0
5585,CU,0,0,0
5587,CU,0,0,0
5577,CY,0,0,0
5579,CY,0,0,0
5585,CY,0,0,0
5587,CY,0,0,0
5577,CZ,0,0,0
5579,CZ,0,0,0
5585,CZ,0,0,0
5587,CZ,0,0,0
5577,CD,1,2,10655
5579,CD,1,2,10655
5585,CD,1,2,10655
5587,CD,1,2,10655
5577,DK,0,0,0
5579,DK,0,0,0
5585,DK,0,0,0
5587,DK,0,0,0
5577,DJ,0,0,0
5579,DJ,0,0,0
5585,DJ,0,0,0
5587,DJ,0,0,0
5577,DM,0,0,0
5585,DM,0,0,0
5587,DM,0,0,0
5577,DO,0,0,0
5579,DO,0,0,0
5585,DO,0,0,0
5587,DO,0,0,0
5577,EC,0,0,0
5579,EC,0,0,0
5585,EC,0,0,0
5587,EC,0,0,0
5577,EG,0,0,0
5579,EG,0,0,0
5585,EG,0,0,0
5587,EG,0,0,0
5577,SV,0,0,0
5579,SV,0,0,0
5585,SV,0,0,0
5587,SV,0,0,0
5577,GQ,0,0,0
5579,GQ,0,0,0
5585,GQ,0,0,0
5587,GQ,0,0,0
5577,ER,0,0,0
5579,ER,0,0,0
5585,ER,0,0,0
5587,ER,0,0,0
5577,EE,0,0,0
5579,EE,0,0,0
5585,EE,0,0,0
5587,EE,0,0,0
5577,ET,0,0,0
5579,ET,0,0,0
5585,ET,0,0,0
5587,ET,0,0,0
5577,FJ,0,0,0
5579,FJ,0,0,0
5585,FJ,0,0,0
5587,FJ,0,0,0
5577,FI,0,0,0
5579,FI,0,0,0
5585,FI,0,0,0
5587,FI,0,0,0
5577,FR,1,2,12173
5579,FR,1,2,12173
5585,FR,1,2,12173
5587,FR,1,2,12173
5577,GM,1,1,20006
5579,GM,1,1,20006
5585,GM,1,1,20006
5587,GM,1,1,20006
5577,GE,0,0,0
5579,GE,0,0,0
5585,GE,0,0,0
5587,GE,0,0,0
5577,DE,1,1,600
5579,DE,1,1,600
5585,DE,1,1,600
5587,DE,1,1,600
5577,GH,1,1,1000000
5585,GH,1,1,1000000
5587,GH,1,1,1000000
5577,GR,1,1,6047
5579,GR,1,1,6047
5585,GR,1,1,6047
5587,GR,1,1,6047
5577,GD,0,0,0
5585,GD,0,0,0
5587,GD,0,0,0
5577,GT,1,4,42560
5579,GT,1,4,42560
5585,GT,1,4,42560
5587,GT,1,4,42560
5577,GN,1,1,3287
5579,GN,1,1,3287
5585,GN,1,1,3287
5587,GN,1,1,3287
5577,GY,1,1,3274
5579,GY,1,1,3274
5585,GY,1,1,3274
5587,GY,1,1,3274
5577,HT,1,2,50373
5579,HT,1,2,50373
5585,HT,1,2,50373
5587,HT,1,2,50373
5577,HN,1,3,48038
5579,HN,1,3,48038
5585,HN,1,3,48038
5587,HN,1,3,48038
5577,HU,0,0,0
5579,HU,0,0,0
5585,HU,0,0,0
5587,HU,0,0,0
5577,IS,0,0,0
5579,IS,0,0,0
5585,IS,0,0,0
5587,IS,0,0,0
5577,IN,1,9,22272889
5579,IN,1,9,22272889
5585,IN,1,9,22272889
5587,IN,1,9,22272889
5577,ID,1,7,339924
5579,ID,1,7,339924
5585,ID,1,7,339924
5587,ID,1,7,339924
5577,IR,1,2,2060
5579,IR,1,2,2060
5587,IR,1,2,2060
5577,IQ,0,0,0
5579,IQ,0,0,0
5585,IQ,0,0,0
5587,IQ,0,0,0
5577,IE,1,1,300
5579,IE,1,1,300
5585,IE,1,1,300
5587,IE,1,1,300
5577,IL,0,0,0
5579,IL,0,0,0
5585,IL,0,0,0
5587,IL,0,0,0
5577,IT,1,2,1000
5579,IT,1,2,1000
5585,IT,1,2,1000
5587,IT,1,2,1000
5577,JM,0,0,0
5579,JM,0,0,0
5585,JM,0,0,0
5587,JM,0,0,0
5577,JP,1,1,2981
5579,JP,1,1,2981
5585,JP,1,1,2981
5587,JP,1,1,2981
5577,JO,0,0,0
5579,JO,0,0,0
5585,JO,0,0,0
5587,JO,0,0,0
5577,KZ,1,1,7000
5579,KZ,1,1,7000
5585,KZ,1,1,7000
5587,KZ,1,1,7000
5577,KE,1,1,25026
5579,KE,1,1,25026
5585,KE,1,1,25026
5587,KE,1,1,25026
5577,KW,0,0,0
5579,KW,0,0,0
5585,KW,0,0,0
5587,KW,0,0,0
5577,KG,0,0,0
5579,KG,0,0,0
5585,KG,0,0,0
5587,KG,0,0,0
5577,LA,0,0,0
5579,LA,0,0,0
5587,LA,0,0,0
5577,LV,0,0,0
5579,LV,0,0,0
5585,LV,0,0,0
5587,LV,0,0,0
5577,LB,0,0,0
5579,LB,0,0,0
5585,LB,0,0,0
5587,LB,0,0,0
5577,LS,0,0,0
5579,LS,0,0,0
5585,LS,0,0,0
5587,LS,0,0,0
5577,LR,0,0,0
5579,LR,0,0,0
5585,LR,0,0,0
5587,LR,0,0,0
5577,LY,0,0,0
5579,LY,0,0,0
5585,LY,0,0,0
5587,LY,0,0,0
5577,LI,0,0,0
5579,LI,0,0,0
5585,LI,0,0,0
5587,LI,0,0,0
5577,LT,0,0,0
5579,LT,0,0,0
5585,LT,0,0,0
5587,LT,0,0,0
5577,LU,0,0,0
5579,LU,0,0,0
5585,LU,0,0,0
5587,LU,0,0,0
5577,MG,1,1,1260000
5579,MG,1,1,1260000
5585,MG,1,1,1260000
5587,MG,1,1,1260000
5577,MW,1,1,55921
5579,MW,1,1,55921
5585,MW,1,1,55921
5587,MW,1,1,55921
5577,MY,1,4,46990
5579,MY,1,4,46990
5585,MY,1,4,46990
5587,MY,1,4,46990
5577,MV,0,0,0
5579,MV,0,0,0
5585,MV,0,0,0
5587,MV,0,0,0
5577,ML,0,0,0
5579,ML,0,0,0
5585,ML,0,0,0
5587,ML,0,0,0
5577,MT,0,0,0
5579,MT,0,0,0
5585,MT,0,0,0
5587,MT,0,0,0
5577,MH,0,0,0
5579,MH,0,0,0
5585,MH,0,0,0
5587,MH,0,0,0
5577,MR,1,1,3893774
5579,MR,1,1,3893774
5585,MR,1,1,3893774
5587,MR,1,1,3893774
5577,MU,0,0,0
5579,MU,0,0,0
5585,MU,0,0,0
5587,MU,0,0,0
5577,MX,1,1,802
5579,MX,1,1,802
5585,MX,1,1,802
5587,MX,1,1,802
5577,FM,0,0,0
5579,FM,0,0,0
5585,FM,0,0,0
5587,FM,0,0,0
5577,MC,0,0,0
5579,MC,0,0,0
5585,MC,0,0,0
5587,MC,0,0,0
5577,MN,0,0,0
5579,MN,0,0,0
5585,MN,0,0,0
5587,MN,0,0,0
5577,ME,1,1,200
5579,ME,1,1,200
5585,ME,1,1,200
5587,ME,1,1,200
5577,MA,0,0,0
5579,MA,0,0,0
5585,MA,0,0,0
5587,MA,0,0,0
5577,MZ,0,0,0
5579,MZ,0,0,0
5585,MZ,0,0,0
5587,MZ,0,0,0
5577,MM,1,1,92003
5585,MM,1,1,92003
5587,MM,1,1,92003
5577,NA,1,1,2502
5579,NA,1,1,2502
5585,NA,1,1,2502
5587,NA,1,1,2502
5577,NR,0,0,0
5579,NR,0,0,0
5585,NR,0,0,0
5587,NR,0,0,0
5577,NP,1,2,1706321
5579,NP,1,2,1706321
5585,NP,1,2,1706321
5587,NP,1,2,1706321
5577,NL,0,0,0
5579,NL,0,0,0
5585,NL,0,0,0
5587,NL,0,0,0
5577,NZ,1,1,2200
5579,NZ,1,1,2200
5585,NZ,1,1,2200
5587,NZ,1,1,2200
5577,NI,1,1,13722
5579,NI,1,1,13722
5585,NI,1,1,13722
5587,NI,1,1,13722
5577,NE,1,3,1340885
5579,NE,1,3,1340885
5585,NE,1,3,1340885
5587,NE,1,3,1340885
5577,NG,1,2,10520
5579,NG,1,2,10520
5585,NG,1,2,10520
5587,NG,1,2,10520
5577,NO,0,0,0
5579,NO,0,0,0
5585,NO,0,0,0
5587,NO,0,0,0
5577,OM,1,1,203
5579,OM,1,1,203
5585,OM,1,1,203
5587,OM,1,1,203
5577,PK,1,2,63197
5579,PK,1,2,63197
5585,PK,1,2,63197
5587,PK,1,2,63197
5577,PW,0,0,0
5585,PW,0,0,0
5587,PW,0,0,0
5577,PA,0,0,0
5579,PA,0,0,0
5585,PA,0,0,0
5587,PA,0,0,0
5577,PG,0,0,0
5579,PG,0,0,0
5585,PG,0,0,0
5587,PG,0,0,0
5577,PY,0,0,0
5579,PY,0,0,0
5585,PY,0,0,0
5587,PY,0,0,0
5577,PE,1,3,2188705
5579,PE,1,3,2188705
5585,PE,1,3,2188705
5587,PE,1,3,2188705
5577,PH,1,3,1842022
5579,PH,1,3,1842022
5585,PH,1,3,1842022
5587,PH,1,3,1842022
5577,PL,0,0,0
5579,PL,0,0,0
5585,PL,0,0,0
5587,PL,0,0,0
5577,PT,1,2,3584
5579,PT,1,2,3584
5585,PT,1,2,3584
5587,PT,1,2,3584
5577,QA,0,0,0
5579,QA,0,0,0
5585,QA,0,0,0
5587,QA,0,0,0
5577,KR,0,0,0
5579,KR,0,0,0
5585,KR,0,0,0
5587,KR,0,0,0
5577,MD,0,0,0
5579,MD,0,0,0
5585,MD,0,0,0
5587,MD,0,0,0
5577,RO,0,0,0
5579,RO,0,0,0
5585,RO,0,0,0
5587,RO,0,0,0
5577,RU,1,1,15721
5579,RU,1,1,15721
5585,RU,1,1,15721
5587,RU,1,1,15721
5577,RW,0,0,0
5579,RW,0,0,0
5585,RW,0,0,0
5587,RW,0,0,0
5577,KN,0,0,0
5579,KN,0,0,0
5585,KN,0,0,0
5587,KN,0,0,0
5577,LC,0,0,0
5579,LC,0,0,0
5585,LC,0,0,0
5587,LC,0,0,0
5577,VC,0,0,0
5579,VC,0,0,0
5585,VC,0,0,0
5587,VC,0,0,0
5577,WS,0,0,0
5579,WS,0,0,0
5585,WS,0,0,0
5587,WS,0,0,0
5577,SM,0,0,0
5579,SM,0,0,0
5585,SM,0,0,0
5587,SM,0,0,0
5577,SA,1,1,485
5579,SA,1,1,485
5585,SA,1,1,485
5587,SA,1,1,485
5577,SN,0,0,0
5579,SN,0,0,0
5585,SN,0,0,0
5587,SN,0,0,0
5577,YU,0,0,0
5579,YU,0,0,0
5585,YU,0,0,0
5587,YU,0,0,0
5577,SC,0,0,0
5579,SC,0,0,0
5585,SC,0,0,0
5587,SC,0,0,0
5577,SL,0,0,0
5579,SL,0,0,0
5585,SL,0,0,0
5587,SL,0,0,0
5577,SG,0,0,0
5579,SG,0,0,0
5585,SG,0,0,0
5587,SG,0,0,0
5577,SK,0,0,0
5579,SK,0,0,0
5585,SK,0,0,0
5587,SK,0,0,0
5577,SI,0,0,0
5579,SI,0,0,0
5585,SI,0,0,0
5587,SI,0,0,0
5577,SB,0,0,0
5579,SB,0,0,0
5585,SB,0,0,0
5587,SB,0,0,0
5577,SO,0,0,0
5587,SO,0,0,0
5577,ZA,1,3,5712
5579,ZA,1,3,5712
5585,ZA,1,3,5712
5587,ZA,1,3,5712
5577,ES,1,2,1504
5579,ES,1,2,1504
5585,ES,1,2,1504
5587,ES,1,2,1504
5577,LK,1,2,893431
5579,LK,1,2,893431
5585,LK,1,2,893431
5587,LK,1,2,893431
5577,SD,1,1,55672
5579,SD,1,1,55672
5585,SD,1,1,55672
5587,SD,1,1,55672
5577,SR,0,0,0
5579,SR,0,0,0
5585,SR,0,0,0
5587,SR,0,0,0
5577,SZ,0,0,0
5585,SZ,0,0,0
5587,SZ,0,0,0
5577,SE,0,0,0
5579,SE,0,0,0
5585,SE,0,0,0
5587,SE,0,0,0
5577,CH,0,0,0
5579,CH,0,0,0
5585,CH,0,0,0
5587,CH,0,0,0
5577,SY,0,0,0
5579,SY,0,0,0
5585,SY,0,0,0
5587,SY,0,0,0
5577,TJ,1,1,700
5579,TJ,1,1,700
5585,TJ,1,1,700
5587,TJ,1,1,700
5577,TH,1,4,3790648
5579,TH,1,4,3790648
5585,TH,1,4,3790648
5587,TH,1,4,3790648
5577,MK,0,0,0
5579,MK,0,0,0
5585,MK,0,0,0
5587,MK,0,0,0
5577,TL,0,0,0
5579,TL,0,0,0
5585,TL,0,0,0
5587,TL,0,0,0
5577,TG,1,1,16060
5579,TG,1,1,16060
5585,TG,1,1,16060
5587,TG,1,1,16060
5577,TO,0,0,0
5579,TO,0,0,0
5585,TO,0,0,0
5587,TO,0,0,0
5577,TT,0,0,0
5579,TT,0,0,0
5585,TT,0,0,0
5587,TT,0,0,0
5577,TN,1,1,2000
5579,TN,1,1,2000
5585,TN,1,1,2000
5587,TN,1,1,2000
5577,TR,0,0,0
5579,TR,0,0,0
5585,TR,0,0,0
5587,TR,0,0,0
5585,TM,0,0,0
5587,TM,0,0,0
5577,UG,1,1,31
5579,UG,1,1,31
5585,UG,1,1,31
5587,UG,1,1,31
5577,UA,0,0,0
5579,UA,0,0,0
5585,UA,0,0,0
5587,UA,0,0,0
5577,AE,1,1,188
5579,AE,1,1,188
5585,AE,1,1,188
5587,AE,1,1,188
5577,GB,1,1,70
5579,GB,1,1,70
5585,GB,1,1,70
5587,GB,1,1,70
5577,TZ,1,1,7
5579,TZ,1,1,7
5585,TZ,1,1,7
5587,TZ,1,1,7
5577,US,1,7,12749
5579,US,1,7,12749
5585,US,1,7,12749
5587,US,1,7,12749
5577,UY,1,1,6639
5579,UY,1,1,6639
5585,UY,1,1,6639
5587,UY,1,1,6639
5577,UZ,0,0,0
5579,UZ,0,0,0
5585,UZ,0,0,0
5587,UZ,0,0,0
5577,VU,0,0,0
5579,VU,0,0,0
5585,VU,0,0,0
5587,VU,0,0,0
5577,VE,0,0,0
5579,VE,0,0,0
5585,VE,0,0,0
5587,VE,0,0,0
5577,VN,1,5,90340
5579,VN,1,5,90340
5585,VN,1,5,90340
5587,VN,1,5,90340
5577,YE,1,1,58
5579,YE,1,1,58
5585,YE,1,1,58
5587,YE,1,1,58
5577,ZM,0,0,0
5579,ZM,0,0,0
5585,ZM,0,0,0
5587,ZM,0,0,0
5577,ZW,1,1,6900000
5579,ZW,1,1,6900000
5587,ZW,1,1,6900000
6142,AF,1,4,13504101
6145,AF,1,4,13504101
6142,AL,1,1,800
6145,AL,1,1,800
6142,DZ,1,1,206
6145,DZ,1,1,206
6142,AD,0,0,0
6145,AD,0,0,0
6142,AO,1,1,3008
6145,AO,1,1,3008
6142,AG,0,0,0
6145,AG,0,0,0
6142,AR,1,4,63420
6145,AR,1,4,63420
6142,AM,0,0,0
6145,AM,0,0,0
6142,AU,1,2,600
6145,AU,1,2,600
6142,AT,0,0,0
6145,AT,0,0,0
6142,AZ,0,0,0
6145,AZ,0,0,0
6142,BS,0,0,0
6145,BS,0,0,0
6142,BH,0,0,0
6145,BH,0,0,0
6142,BD,1,2,14035
6145,BD,1,2,14035
6142,BB,0,0,0
6145,BB,0,0,0
6142,BY,1,1,50000
6145,BY,1,1,50000
6142,BE,0,0,0
6145,BE,0,0,0
6142,BZ,0,0,0
6145,BZ,0,0,0
6142,BJ,0,0,0
6145,BJ,0,0,0
6142,BT,0,0,0
6145,BT,0,0,0
6142,BO,1,1,12192
6145,BO,1,1,12192
6142,BA,0,0,0
6145,BA,0,0,0
6142,BW,1,1,4225
6145,BW,1,1,4225
6142,BR,1,2,1257
6145,BR,1,2,1257
6142,BN,0,0,0
6145,BN,0,0,0
6142,BG,1,1,600
6145,BG,1,1,600
6142,BF,0,0,0
6145,BF,0,0,0
6142,BI,1,3,47956
6145,BI,1,3,47956
6142,CV,0,0,0
6145,CV,0,0,0
6142,KH,1,1,5817
6145,KH,1,1,5817
6142,CM,0,0,0
6145,CM,0,0,0
6142,CA,1,2,7000
6145,CA,1,2,7000
6142,CF,0,0,0
6145,CF,0,0,0
6142,TD,0,0,0
6145,TD,0,0,0
6142,CL,0,0,0
6145,CL,0,0,0
6142,CN,1,8,3698644
6145,CN,1,8,3698644
6142,CO,1,2,60026
6145,CO,1,2,60026
6142,CG,0,0,0
6145,CG,0,0,0
6142,CR,1,1,125191
6145,CR,1,1,125191
6142,CI,1,1,25020
6145,CI,1,1,25020
6142,HR,1,1,471
6145,HR,1,1,471
6142,CU,0,0,0
6145,CU,0,0,0
6142,CY,0,0,0
6145,CY,0,0,0
6142,CZ,0,0,0
6145,CZ,0,0,0
6145,KP,1,1,581416
6142,CD,1,1,15811
6142,DK,0,0,0
6145,DK,0,0,0
6142,DJ,0,0,0
6145,DJ,0,0,0
6142,DM,0,0,0
6142,DO,1,1,7390
6145,DO,1,1,7390
6142,EC,0,0,0
6145,EC,0,0,0
6142,EG,0,0,0
6145,EG,0,0,0
6142,SV,1,2,393713
6145,SV,1,2,393713
6142,GQ,0,0,0
6145,GQ,0,0,0
6142,ER,0,0,0
6145,ER,0,0,0
6142,EE,0,0,0
6145,EE,0,0,0
6142,ET,0,0,0
6145,ET,0,0,0
6142,FJ,0,0,0
6145,FJ,0,0,0
6142,FI,0,0,0
6145,FI,0,0,0
6142,FR,1,2,4240
6145,FR,1,2,4240
6142,GA,0,0,0
6145,GA,0,0,0
6142,GM,0,0,0
6145,GM,0,0,0
6142,GE,1,1,1143
6145,GE,1,1,1143
6142,DE,0,0,0
6145,DE,0,0,0
6142,GH,1,1,100034
6145,GH,1,1,100034
6142,GR,1,1,4818
6145,GR,1,1,4818
6142,GD,0,0,0
6142,GT,1,3,1576947
6145,GT,1,3,1576947
6142,GN,0,0,0
6145,GN,0,0,0
6142,GW,0,0,0
6145,GW,0,0,0
6142,GY,0,0,0
6145,GY,0,0,0
6142,HT,0,0,0
6142,HN,1,2,366954
6145,HN,1,2,366954
6142,HU,0,0,0
6145,HU,0,0,0
6142,IS,0,0,0
6145,IS,0,0,0
6142,IN,1,11,31508425
6145,IN,1,11,31508425
6142,ID,1,6,143544
6145,ID,1,6,143544
6142,IR,1,1,7144
6145,IR,1,1,7144
6142,IQ,1,1,25021
6145,IQ,1,1,25021
6142,IE,0,0,0
6145,IE,0,0,0
6142,IL,1,1,12
6145,IL,1,1,12
6142,IT,1,1,33
6145,IT,1,1,33
6142,JM,0,0,0
6145,JM,0,0,0
6142,JP,1,1,1500348
6145,JP,1,1,1500348
6142,JO,1,2,98
6145,JO,1,2,98
6142,KZ,1,1,400
6145,KZ,1,1,400
6142,KE,1,3,211322
6145,KE,1,3,211322
6142,KI,0,0,0
6142,KW,1,1,1
6145,KW,1,1,1
6145,KG,0,0,0
6145,LA,1,1,13236
6145,LB,0,0,0
6142,LS,0,0,0
6145,LS,0,0,0
6142,LR,0,0,0
6142,LY,0,0,0
6145,LY,0,0,0
6142,LI,0,0,0
6145,LI,0,0,0
6142,LU,0,0,0
6145,LU,0,0,0
6142,MG,0,0,0
6145,MG,0,0,0
6142,MW,1,3,9618
6145,MW,1,3,9618
6142,MY,1,2,16902
6145,MY,1,2,16902
6142,MV,0,0,0
6145,MV,0,0,0
6142,ML,1,1,13150
6145,ML,1,1,13150
6142,MT,0,0,0
6145,MT,0,0,0
6142,MH,0,0,0
6145,MH,0,0,0
6142,MR,1,1,350600
6145,MR,1,1,350600
6142,MU,0,0,0
6145,MU,0,0,0
6142,MX,1,1,140
6145,MX,1,1,140
6142,FM,0,0,0
6145,FM,0,0,0
6142,MC,0,0,0
6145,MC,0,0,0
6142,MN,1,1,8301
6145,MN,1,1,8301
6142,ME,0,0,0
6145,ME,0,0,0
6142,MA,0,0,0
6145,MA,0,0,0
6142,MZ,1,1,77161
6145,MZ,1,1,77161
6142,MM,1,3,173085
6142,NA,1,1,556000
6145,NA,1,1,556000
6142,NR,0,0,0
6145,NR,0,0,0
6142,NP,1,1,1421
6145,NP,1,1,1421
6142,NL,0,0,0
6145,NL,0,0,0
6142,NZ,1,1,100
6145,NZ,1,1,100
6142,NI,1,2,313004
6145,NI,1,2,313004
6142,NE,1,1,130504
6145,NE,1,1,130504
6142,NG,1,2,1938504
6145,NG,1,2,1938504
6142,NO,0,0,0
6145,NO,0,0,0
6142,OM,0,0,0
6145,OM,0,0,0
6142,PK,1,1,60
6145,PK,1,1,60
6142,PW,0,0,0
6145,PW,0,0,0
6142,PG,0,0,0
6145,PG,0,0,0
6142,PY,1,2,46300
6145,PY,1,2,46300
6142,PE,0,0,0
6145,PE,0,0,0
6142,PH,1,1,180011
6145,PH,1,1,180011
6142,PT,1,1,329
6145,PT,1,1,329
6142,QA,1,1,1500
6145,QA,1,1,1500
6142,KR,0,0,0
6145,KR,0,0,0
6142,MD,0,0,0
6145,MD,0,0,0
6142,RO,1,2,2700
6145,RO,1,2,2700
6142,RU,1,2,14985
6145,RU,1,2,14985
6142,KN,0,0,0
6145,KN,0,0,0
6142,LC,0,0,0
6145,LC,0,0,0
6142,VC,0,0,0
6145,VC,0,0,0
6142,WS,0,0,0
6145,WS,0,0,0
6142,SM,0,0,0
6145,SM,0,0,0
6142,ST,0,0,0
6145,ST,0,0,0
6142,SA,0,0,0
6145,SA,0,0,0
6142,SN,1,1,320000
6145,SN,1,1,320000
6142,YU,0,0,0
6145,YU,0,0,0
6142,SC,0,0,0
6145,SC,0,0,0
6142,SL,0,0,0
6145,SL,0,0,0
6142,SG,0,0,0
6145,SG,0,0,0
6142,SK,0,0,0
6145,SK,0,0,0
6142,SI,0,0,0
6145,SI,0,0,0
6142,SB,0,0,0
6145,SB,0,0,0
6142,ZA,0,0,0
6145,ZA,0,0,0
6142,ES,1,2,13
6145,ES,1,2,13
6142,LK,1,2,228744
6145,LK,1,2,228744
6142,SD,1,3,127522
6145,SD,1,3,127522
6142,SR,0,0,0
6145,SR,0,0,0
6142,CH,0,0,0
6145,CH,0,0,0
6142,SY,0,0,0
6145,SY,0,0,0
6142,TJ,1,1,5731
6145,TJ,1,1,5731
6142,TH,0,0,0
6145,TH,0,0,0
6142,MK,0,0,0
6145,MK,0,0,0
6142,TL,0,0,0
6145,TL,0,0,0
6142,TG,0,0,0
6145,TG,0,0,0
6142,TO,0,0,0
6145,TO,0,0,0
6142,TT,1,1,150000
6145,TT,1,1,150000
6142,TN,1,2,30013
6145,TN,1,2,30013
6142,TR,0,0,0
6145,TR,0,0,0
6142,TV,0,0,0
6145,TV,0,0,0
6142,UG,0,0,0
6145,UG,0,0,0
6142,UA,0,0,0
6145,UA,0,0,0
6142,AE,0,0,0
6145,AE,0,0,0
6142,GB,0,0,0
6145,GB,0,0,0
6142,TZ,1,1,15888
6145,TZ,1,1,15888
6142,US,1,7,254947
6145,US,1,7,254947
6142,UY,1,1,11135
6145,UY,1,1,11135
6142,UZ,0,0,0
6145,UZ,0,0,0
6142,VU,0,0,0
6145,VU,0,0,0
6142,VE,1,2,10702
6145,VE,1,2,10702
6142,VN,1,3,127795
6145,VN,1,3,127795
6142,YE,0,0,0
6145,YE,0,0,0
6142,ZM,0,0,0
6145,ZM,0,0,0
6142,ZW,0,0,0
6145,ZW,0,0,0
9140,AL,0,0,0
9140,DZ,0,0,0
9140,AD,0,0,0
9140,AO,1,3,16591
9140,AG,0,0,0
9140,AR,1,3,35357
9140,AM,0,0,0
9140,AU,1,3,19445
9140,AT,0,0,0
9140,AZ,0,0,0
9140,BS,0,0,0
9140,BH,0,0,0
9140,BD,1,1,7600114
9140,BB,0,0,0
9140,BY,0,0,0
9140,BE,0,0,0
9140,BZ,0,0,0
9140,BJ,0,0,0
9140,BT,0,0,0
9140,BA,1,2,760
9140,BW,0,0,0
9140,BR,1,8,10049020
9140,BN,0,0,0
9140,BG,0,0,0
9140,BF,0,0,0
9140,BI,1,1,10
9140,CV,0,0,0
9140,KH,1,1,435012
9140,CM,0,0,0
9140,CA,1,1,19501
9140,CF,1,1,44918
9140,TD,1,1,423
9140,CL,1,1,606
9140,CN,1,7,4887646
9140,CO,1,4,39931
9140,CG,1,2,213000
9140,CI,1,1,14658
9140,HR,1,1,66
9140,CU,0,0,0
9140,CY,0,0,0
9140,CZ,0,0,0
9140,KP,1,1,10100000
9140,DK,0,0,0
9140,DJ,1,1,250011
9140,DM,0,0,0
9140,DO,0,0,0
9140,EC,1,1,3014
9140,EG,0,0,0
9140,SV,0,0,0
9140,ER,0,0,0
9140,EE,0,0,0
9140,SZ,0,0,0
9140,ET,1,1,200000
9140,FJ,0,0,0
9140,FI,0,0,0
9140,FR,1,2,1110
9140,GA,0,0,0
9140,GM,0,0,0
9140,GE,1,1,5088
9140,DE,0,0,0
9140,GH,1,2,26134
9140,GR,0,0,0
9140,GD,0,0,0
9140,GT,0,0,0
9140,GN,0,0,0
9140,GW,0,0,0
9140,GY,0,0,0
9140,HT,1,2,4447
9140,HN,0,0,0
9140,HU,0,0,0
9140,IS,0,0,0
9140,IN,1,5,3072083
9140,ID,1,11,428037
9140,IR,1,3,10001278
9140,IQ,1,1,5875
9140,IE,0,0,0
9140,IL,0,0,0
9140,IT,1,1,1200
9140,JM,0,0,0
9140,JP,1,3,1185
9140,JO,0,0,0
9140,KZ,0,0,0
9140,KE,1,2,2833429
9140,KI,0,0,0
9140,KW,0,0,0
9140,KG,0,0,0
9140,LA,1,2,507519
9140,LV,0,0,0
9140,LS,0,0,0
9140,LR,0,0,0
9140,LY,1,1,20034
9140,LI,0,0,0
9140,LT,0,0,0
9140,LU,0,0,0
9140,MG,1,1,9
9140,MW,1,2,991706
9140,MY,1,4,22479
9140,MV,1,1,1800
9140,ML,1,2,6996
9140,MT,0,0,0
9140,MH,0,0,0
9140,MR,1,1,33603
9140,MU,0,0,0
9140,MX,1,3,3654
9140,FM,0,0,0
9140,MC,0,0,0
9140,MN,1,1,512
9140,ME,0,0,0
9140,MA,1,2,253
9140,MZ,1,2,63028
9140,MM,1,2,8190
9140,NA,0,0,0
9140,NR,0,0,0
9140,NP,1,1,82660
9140,NL,0,0,0
9140,NZ,0,0,0
9140,NI,0,0,0
9140,NG,1,2,71164
9140,MK,0,0,0
9140,NO,0,0,0
9140,OM,1,1,6
9140,PK,1,9,4682092
9140,PW,0,0,0
9140,PA,0,0,0
9140,PG,1,1,352
9140,PY,1,4,525237
9140,PE,1,4,9340
9140,PH,1,2,61000
9140,PL,0,0,0
9140,PT,0,0,0
9140,QA,0,0,0
9140,KR,1,1,3036
9140,MD,0,0,0
9140,RO,1,1,366
9140,RU,1,5,50263
9140,RW,1,1,5409
9140,KN,0,0,0
9140,LC,0,0,0
9140,VC,0,0,0
9140,WS,0,0,0
9140,SM,0,0,0
9140,SA,1,3,1438
9140,SN,1,1,8974
9140,YU,0,0,0
9140,SC,0,0,0
9140,SL,1,2,10388
9140,SG,0,0,0
9140,SK,0,0,0
9140,SI,0,0,0
9140,SB,0,0,0
9140,ZA,1,5,754598
9140,ES,1,4,3520
9140,LK,1,6,754695
9140,SD,1,2,352576
9140,SR,0,0,0
9140,SE,0,0,0
9140,CH,0,0,0
9140,SY,1,1,235002
9140,TJ,1,1,6754
9140,TH,1,2,158019
9140,TL,0,0,0
9140,TG,0,0,0
9140,TT,0,0,0
9140,TN,0,0,0
9140,TR,1,3,15308
9140,TM,0,0,0
9140,TV,0,0,0
9140,UG,1,5,78727
9140,UA,0,0,0
9140,AE,0,0,0
9140,GB,1,1,101
9140,TZ,1,4,5047
9140,US,1,6,17878
9140,UY,1,3,13103
9140,UZ,0,0,0
9140,VU,0,0,0
9140,VE,1,1,2006
9140,VN,1,6,810623
9140,YE,1,3,80526
9140,ZM,1,1,4
9140,ZW,1,1,26
9060,AF,1,6,131113
9060,AL,0,0,0
9060,DZ,0,0,0
9060,AD,0,0,0
9060,AO,1,3,16591
9060,AR,1,3,35357
9060,AM,0,0,0
9060,AU,1,3,19445
9060,AT,0,0,0
9060,AZ,0,0,0
9060,BS,0,0,0
9060,BH,0,0,0
9060,BD,1,1,7600114
9060,BB,0,0,0
9060,BY,0,0,0
9060,BE,0,0,0
9060,BZ,0,0,0
9060,BJ,0,0,0
9060,BT,0,0,0
9060,BO,1,3,385600
9060,BA,1,2,760
9060,BW,0,0,0
9060,BR,1,8,10049020
9060,BN,0,0,0
9060,BG,0,0,0
9060,BF,0,0,0
9060,BI,1,1,10
9060,CV,0,0,0
9060,KH,1,1,435012
9060,CM,0,0,0
9060,CA,1,1,19501
9060,CF,1,1,44918
9060,TD,1,1,423
9060,CL,1,1,606
9060,CN,1,7,4887646
9060,CO,1,4,39931
9060,KM,0,0,0
9060,CG,1,2,213000
9060,CI,1,1,14658
9060,HR,1,1,66
9060,CU,0,0,0
9060,CY,0,0,0
9060,CZ,0,0,0
9060,KP,1,1,10100000
9060,DK,0,0,0
9060,DJ,1,1,250011
9060,DM,0,0,0
9060,DO,0,0,0
9060,EC,1,1,3014
9060,EG,0,0,0
9060,SV,0,0,0
9060,ER,0,0,0
9060,EE,0,0,0
9060,SZ,0,0,0
9060,ET,1,1,200000
9060,FJ,0,0,0
9060,FI,0,0,0
9060,FR,1,2,1110
9060,GA,0,0,0
9060,GM,0,0,0
9060,GE,1,1,5088
9060,DE,0,0,0
9060,GH,1,2,26134
9060,GR,0,0,0
9060,GD,0,0,0
9060,GT,0,0,0
9060,GN,0,0,0
9060,GW,0,0,0
9060,GY,0,0,0
9060,HT,1,2,4447
9060,HN,0,0,0
9060,HU,0,0,0
9060,IS,0,0,0
9060,IN,1,5,3072083
9060,ID,1,11,428037
9060,IR,1,3,10001278
9060,IQ,1,1,5875
9060,IE,0,0,0
9060,IL,0,0,0
9060,IT,1,1,1200
9060,JM,0,0,0
9060,JP,1,3,1185
9060,JO,0,0,0
9060,KZ,0,0,0
9060,KE,1,2,2833429
9060,KI,0,0,0
9060,KW,0,0,0
9060,KG,0,0,0
9060,LA,1,2,507519
9060,LV,0,0,0
9060,LB,0,0,0
9060,LS,0,0,0
9060,LY,1,1,20034
9060,LI,0,0,0
9060,LT,0,0,0
9060,LU,0,0,0
9060,MG,1,1,9
9060,MW,1,2,991706
9060,MY,1,4,22479
9060,MV,1,1,1800
9060,ML,1,2,6996
9060,MT,0,0,0
9060,MR,1,1,33603
9060,MU,0,0,0
9060,MX,1,3,3654
9060,FM,0,0,0
9060,MC,0,0,0
9060,MN,1,1,512
9060,ME,0,0,0
9060,MA,1,2,253
9060,MZ,1,2,63028
9060,MM,1,2,8190
9060,NA,0,0,0
9060,NP,1,1,82660
9060,NL,0,0,0
9060,NZ,0,0,0
9060,NI,0,0,0
9060,NG,1,2,71164
9060,MK,0,0,0
9060,NO,0,0,0
9060,OM,1,1,6
9060,PK,1,9,4682092
9060,PW,0,0,0
9060,PA,0,0,0
9060,PG,1,1,352
9060,PY,1,4,525237
9060,PE,1,4,9340
9060,PH,1,2,61000
9060,PL,0,0,0
9060,PT,0,0,0
9060,QA,0,0,0
9060,KR,1,1,3036
9060,MD,0,0,0
9060,RO,1,1,366
9060,RU,1,5,50263
9060,RW,1,1,5409
9060,KN,0,0,0
9060,LC,0,0,0
9060,VC,0,0,0
9060,WS,0,0,0
9060,SM,0,0,0
9060,SA,1,3,1438
9060,SN,1,1,8974
9060,YU,0,0,0
9060,SC,0,0,0
9060,SL,1,2,10388
9060,SG,0,0,0
9060,SK,0,0,0
9060,SI,0,0,0
9060,SB,0,0,0
9060,ZA,1,5,754598
9060,ES,1,4,3520
9060,LK,1,6,754695
9060,SD,1,2,352576
9060,SR,0,0,0
9060,SE,0,0,0
9060,CH,0,0,0
9060,SY,1,1,235002
9060,TJ,1,1,6754
9060,TH,1,2,158019
9060,TL,0,0,0
9060,TG,0,0,0
9060,TT,0,0,0
9060,TN,0,0,0
9060,TR,1,3,15308
9060,TM,0,0,0
9060,UG,1,5,78727
9060,UA,0,0,0
9060,AE,0,0,0
9060,GB,1,1,101
9060,TZ,1,4,5047
9060,US,1,6,17878
9060,UY,1,3,13103
9060,UZ,0,0,0
9060,VU,0,0,0
9060,VE,1,1,2006
9060,VN,1,6,810623
9060,YE,1,3,80526
9060,ZM,1,1,4
9060,ZW,1,1,26
